"","baseMean","log2FoldChange","lfcSE","stat","pvalue","padj"
"ENSG00000123500.10",737.859771171583,7.19415615052614,0.475637454040772,15.1252936231331,1.10307532768988e-51,1.89982663688028e-47
"ENSG00000163815.6",645.544943752402,-5.11299470905486,0.369994182454516,-13.8191218984461,1.95439310778261e-43,1.68302562476699e-39
"ENSG00000099953.10",5906.2221449674,5.32988720115017,0.413105701891859,12.9019937917618,4.38600453022863e-38,2.51800520080426e-34
"ENSG00000164530.15",5620.21776969055,-7.55612374236545,0.613267187497925,-12.3210957579416,6.97401828997149e-35,3.00283792520447e-31
"ENSG00000197766.8",7049.90330112561,-4.508824515865,0.368037792312479,-12.250982399212,1.65973090564156e-34,5.71710907757292e-31
"ENSG00000162849.16",842.273667779571,3.19037310984216,0.264537528648681,12.0601909533945,1.71385090051041e-33,4.91960900991513e-30
"ENSG00000126218.12",393.380975465863,-4.00423927124346,0.334611825051262,-11.9668193753464,5.30224790152325e-33,1.3045802229705e-29
"ENSG00000182253.15",45021.4728539672,-6.77689432220428,0.570243956278932,-11.8842019237279,1.42994319422178e-32,3.07848895426022e-29
"ENSG00000068976.14",1230.6233043213,-5.69635980424946,0.481307355547598,-11.8351812798883,2.56788097939585e-32,4.91406823423718e-29
"ENSG00000060718.22",1154.44317434423,6.06477990680682,0.518065102116939,11.7065980356999,1.17916525776549e-31,2.03087632344951e-28
"ENSG00000127528.6",2948.58980916991,-3.33677726188065,0.297962608358812,-11.1986442871464,4.14020726667094e-29,6.48243543217033e-26
"ENSG00000095303.17",17801.0549211873,-5.74141397019718,0.51349087917926,-11.1811410932439,5.04372485651689e-29,7.23900610031587e-26
"ENSG00000181856.15",1372.16886008011,-5.73312607797671,0.513941914939387,-11.1552023902406,6.75389572825166e-29,8.94787277905218e-26
"ENSG00000153446.16",685.060602500201,-4.9652694639535,0.451002916774227,-11.0093954590523,3.44306232345309e-28,4.23570445691661e-25
"ENSG00000172348.15",2613.05597512042,-3.67916312114466,0.335105010872136,-10.9791349033229,4.81512733937292e-28,5.52872921106799e-25
"ENSG00000065325.13",747.413067179281,-6.25369364144767,0.572209115030378,-10.9290353424651,8.37338071913085e-28,8.72133188983093e-25
"ENSG00000172403.11",54002.3564608938,-6.09813929901191,0.55810429066511,-10.9265228757596,8.60840980822887e-28,8.72133188983093e-25
"ENSG00000101605.13",1706.18468275684,-5.321752767806,0.489577182344842,-10.8700996691009,1.60025936509343e-27,1.53118150250023e-24
"ENSG00000128591.16",39892.0582947884,-6.13553839473573,0.565436105095035,-10.8509844692434,1.97288819740362e-27,1.78837123283592e-24
"ENSG00000004776.13",2575.23377057714,-5.89678244798856,0.544229641163026,-10.8350997483104,2.34709479037576e-27,2.02120067873208e-24
"ENSG00000171368.12",1252.51921046229,-3.70990792329162,0.343210231569068,-10.8094327675807,3.1058456064878e-27,2.54723708954949e-24
"ENSG00000163017.14",108179.010486959,-5.73359632317434,0.534227790722013,-10.732493559396,7.16365607692476e-27,5.60816584603978e-24
"ENSG00000130176.8",56028.600340271,-5.81117154763608,0.543662184464431,-10.6889383034076,1.1467615026441e-26,8.58724928697365e-24
"ENSG00000162882.15",598.059442214649,-2.99414521440526,0.280836212109429,-10.6615353907372,1.54033240123625e-26,1.10538103943716e-23
"ENSG00000101955.15",2171.38701690866,-3.24582447137358,0.304759753579527,-10.6504367235176,1.73548938231592e-26,1.19561334526508e-23
"ENSG00000149451.18",1290.83574562419,-3.57379245121141,0.335754110477523,-10.6440765419927,1.85817565441108e-26,1.23089843445854e-23
"ENSG00000100628.12",1457.65772470018,-4.77421685410336,0.44952323042654,-10.6206232091125,2.3896039960226e-26,1.52430183790731e-23
"ENSG00000141052.18",2803.26757940585,-5.48235254613546,0.525597630862245,-10.4307025454845,1.795557462945e-25,1.10446022086792e-22
"ENSG00000022267.19",20402.3608856869,-5.25105492716204,0.504766365647059,-10.4029414092017,2.40395761221129e-25,1.42770213638328e-22
"ENSG00000154330.13",12481.5990397886,-5.71354273531302,0.549798302117471,-10.3920705344271,2.69439420130302e-25,1.54685171096806e-22
"ENSG00000103241.7",2674.30096841886,-3.39346888793681,0.327495163444319,-10.3618900879242,3.69585539637863e-25,2.05334572554287e-22
"ENSG00000133392.18",376549.46383121,-6.43733631643672,0.621659055521171,-10.3550913628049,3.96807544633928e-25,2.13569260663442e-22
"ENSG00000239474.7",269.787572362128,-5.87277492609137,0.567557832528925,-10.347447589479,4.29791154563868e-25,2.24311910759197e-22
"ENSG00000131831.18",975.273219631624,-3.0894142839822,0.29948338508503,-10.3158119543261,5.97739020315612e-25,3.027899749087e-22
"ENSG00000111077.18",4009.02967244921,-2.39742182459928,0.23320996722432,-10.28010017382,8.66375071852194e-25,4.26330796071724e-22
"ENSG00000179094.16",5610.19380609526,-2.40062084025288,0.234731416325498,-10.2270964740569,1.49947735750103e-24,7.17374959117784e-22
"ENSG00000132554.20",58.7328460166033,-3.72693292213228,0.364598204905901,-10.2220276237898,1.580008276474e-24,7.35472501235449e-22
"ENSG00000163431.13",17099.6012011362,-5.20829511878364,0.51107500223669,-10.1908625857063,2.17822823673809e-24,9.87253287403688e-22
"ENSG00000198835.4",154.086256685149,-2.66649268123442,0.26194770799861,-10.1794846826778,2.44854572451152e-24,1.08131546187851e-21
"ENSG00000166482.12",12651.3002226402,-3.50256818288429,0.345582755139413,-10.1352516316137,3.85380062349752e-24,1.65935020346245e-21
"ENSG00000158246.8",1868.79923455162,-4.73158871522276,0.467890108281216,-10.1126068525025,4.85742799281781e-24,2.04047517854393e-21
"ENSG00000144655.15",6752.97956546783,-3.08774531424896,0.306549788492105,-10.0725736247849,7.30413282111429e-24,2.9952161804298e-21
"ENSG00000135472.9",406.166662581591,-4.07172955598988,0.407621953516562,-9.98898494269752,1.70316818042789e-23,6.82178269104872e-21
"ENSG00000154734.16",16186.5136747929,-3.25277461618388,0.327706638275118,-9.92587343761126,3.21277421482804e-23,1.2575820523178e-20
"ENSG00000072163.20",5787.27610274418,-3.99510061303537,0.404113334310914,-9.88608955417849,4.7834947545621e-23,1.83080289239607e-20
"ENSG00000122367.20",373.771474733626,-3.6491570523146,0.369691078983158,-9.87082799604381,5.57028852429104e-23,2.08558867943184e-20
"ENSG00000123243.15",6122.02084879078,-3.9802514216801,0.404148376639387,-9.84849043506513,6.95811611028664e-23,2.549779441861e-20
"ENSG00000108405.4",2954.21397016825,-5.72612873463426,0.581655452204407,-9.84453719626094,7.23715364339933e-23,2.59678119167222e-20
"ENSG00000131471.7",9110.52738442048,-4.05134313374813,0.412345600931043,-9.82511544830484,8.77734023851365e-23,2.99358392981573e-20
"ENSG00000132561.14",5552.18387000392,-3.13521584756847,0.319039119524083,-9.82705773588308,8.60974389175e-23,2.99358392981573e-20
"ENSG00000168497.5",3491.88713656646,-3.97593525912975,0.405220569789095,-9.81178043651412,1.00185050499633e-22,3.31824447068303e-20
"ENSG00000261625.1",116.971998172762,-3.1411603156024,0.321087489928935,-9.78287978861345,1.33360972906889e-22,4.33372837051952e-20
"ENSG00000065534.19",42706.5270081227,-4.96470167205912,0.507738975445113,-9.77805902670122,1.39866995684856e-22,4.460980123482e-20
"ENSG00000133800.9",1039.72954284253,-4.47877370468817,0.45829103628031,-9.77277177629276,1.47364205616603e-22,4.61464311515411e-20
"ENSG00000116741.8",8251.03589209236,-3.1421184477932,0.324642826763273,-9.6786935941893,3.71431724440194e-22,1.12776946219713e-19
"ENSG00000145936.9",3160.40165101155,-4.6395169642688,0.479378211058294,-9.67819741749717,3.73238456396891e-22,1.12776946219713e-19
"ENSG00000168490.14",678.879896994581,-3.65127577002245,0.377829358412289,-9.66382227512918,4.29531835041742e-22,1.27548737843516e-19
"ENSG00000168306.13",332.667333670165,-3.5043336077449,0.363007564452108,-9.65361042278564,4.74549045094467e-22,1.36219303394367e-19
"ENSG00000180525.13",95.8928635813678,-3.55140933376216,0.367880852430047,-9.65369442389629,4.74160339164824e-22,1.36219303394367e-19
"ENSG00000162630.6",57.875599137606,-3.36556170653173,0.348783931276647,-9.64941731751468,4.94358209709547e-22,1.3957920402996e-19
"ENSG00000078596.11",1348.01266036395,-3.15555731854301,0.327240476915583,-9.6429309365572,5.26624532793544e-22,1.462911988436e-19
"ENSG00000118407.15",1030.47724321434,-4.6973072278477,0.487753411583337,-9.63049589463533,5.94419172709372e-22,1.62502879548786e-19
"ENSG00000187824.9",184.687036102297,-2.65116368020364,0.275720954574569,-9.61538699260027,6.88499579474416e-22,1.85281691520123e-19
"ENSG00000188783.6",6965.36288481521,-4.40808466877033,0.458924840097647,-9.60524313269338,7.59784017500261e-22,2.013193866678e-19
"ENSG00000161281.11",931.621517503783,-3.2667337898146,0.340443687752972,-9.59551875194395,8.34960156348072e-22,2.17886648072467e-19
"ENSG00000268388.6",2760.54889159746,-4.33025130271216,0.451752544028468,-9.58544973338165,9.2055706151557e-22,2.3663812344004e-19
"ENSG00000100307.13",3018.28982080056,-2.82398968120726,0.295135965639289,-9.56843628017434,1.08534759729359e-21,2.74896201002756e-19
"ENSG00000168477.19",5086.53530953608,-4.51330396837205,0.471950112979752,-9.56309542946477,1.14286283514363e-21,2.85268501589546e-19
"ENSG00000163827.13",197.614141416869,-4.09360197237045,0.428163343410755,-9.56084175670146,1.16802783853287e-21,2.87384906615024e-19
"ENSG00000149596.7",4261.8433417758,-4.88498046278963,0.512781383533013,-9.52643878982619,1.62771295885936e-21,3.94846482963871e-19
"ENSG00000095637.22",20630.7982784998,-5.01075438271063,0.526618910584213,-9.51495337900394,1.81794391825185e-21,4.17662932440569e-19
"ENSG00000152583.12",26259.4796983531,-3.36959938398749,0.354074183072266,-9.51664805027529,1.7885507146526e-21,4.17662932440569e-19
"ENSG00000165197.5",301.715106578302,-4.35821592467784,0.458040880919623,-9.51490599687896,1.81877256767361e-21,4.17662932440569e-19
"ENSG00000172935.9",1582.48895454904,-3.42790944634632,0.360163840092945,-9.51763909853276,1.77157987921966e-21,4.17662932440569e-19
"ENSG00000173175.15",2113.53068384259,-4.15278354641239,0.438095724075064,-9.47916931894283,2.56315317607825e-21,5.80857725678892e-19
"ENSG00000120129.6",45486.2356895879,-3.08202395980973,0.325246308933211,-9.47596905839944,2.64295982874616e-21,5.91164897798639e-19
"ENSG00000101335.10",110829.90010146,-4.64577397706244,0.491725081579897,-9.44790931171482,3.4566564175794e-21,7.63256326666281e-19
"ENSG00000132840.10",553.674967852913,-4.25413193857307,0.450549751930268,-9.44209140133204,3.65411824545838e-21,7.96644032171262e-19
"ENSG00000229619.4",1418.74329815665,-4.62828265938989,0.490358303231516,-9.43857303708122,3.77890433984029e-21,8.13550868063366e-19
"ENSG00000106034.18",2248.0171718826,-4.36268541983997,0.464186268729558,-9.39856629490636,5.53115842977254e-21,1.17608816834534e-18
"ENSG00000184347.15",6016.20269212816,-3.39065200745197,0.362822943809562,-9.34519733468579,9.17182797126594e-21,1.91080692581057e-18
"ENSG00000198624.13",6138.06264050531,-3.21905562098333,0.344476497918061,-9.34477574069229,9.20844073867952e-21,1.91080692581057e-18
"ENSG00000160801.14",168.265807985528,-2.78235319355064,0.297902965206492,-9.33979690877546,9.65190762495641e-21,1.97898577410267e-18
"ENSG00000079308.19",53064.9869148111,-4.56667114647782,0.489240522227336,-9.33420462738329,1.0175233076026e-20,2.06174163845172e-18
"ENSG00000112183.15",316.939513839447,-3.43810996017949,0.368398319698016,-9.33258860408966,1.03316190512281e-20,2.0690869176663e-18
"ENSG00000147408.14",1310.9800580814,-2.47175414804974,0.265979898190645,-9.29301110671933,1.49983970068162e-20,2.96916542124593e-18
"ENSG00000187942.12",104.48156655117,-4.14948508812658,0.446975454476468,-9.28347417418428,1.64040608475441e-20,3.21053568155967e-18
"ENSG00000121577.14",1410.6898313797,-5.10538843457086,0.550455546148477,-9.27484239243863,1.7788183156186e-20,3.44231324156171e-18
"ENSG00000164188.9",695.398082220781,-5.59535911014962,0.604086035257113,-9.26252021000303,1.99662810927358e-20,3.82088065844655e-18
"ENSG00000036448.10",212.448736215741,-2.95339918383269,0.319465927462021,-9.24480180811706,2.35677068757094e-20,4.4605122584653e-18
"ENSG00000077943.8",2143.98675939212,-3.4502297496199,0.374740078759571,-9.2069942479612,3.35384662524258e-20,6.2690755864286e-18
"ENSG00000163380.16",106.597434834628,-4.17838227988716,0.45398883470013,-9.20371154644601,3.45794681943167e-20,6.2690755864286e-18
"ENSG00000186198.4",36.9673760680289,-2.99758049124973,0.32567336751985,-9.20425429342797,3.44051758896571e-20,6.2690755864286e-18
"ENSG00000243742.5",105.9729499318,3.69787099555781,0.401727006777007,9.20493502596514,3.41877995811906e-20,6.2690755864286e-18
"ENSG00000109846.9",6760.64279821578,-4.53334134107949,0.49267803318631,-9.20142777984415,3.5322467925186e-20,6.3370715112029e-18
"ENSG00000138356.14",942.352664361969,-4.08739865156359,0.444376428358488,-9.19805460128097,3.64488564052317e-20,6.47173869966295e-18
"ENSG00000123358.20",26724.9201446959,-3.56831283957357,0.388139264976526,-9.19338279210008,3.80677477154296e-20,6.69021243778412e-18
"ENSG00000128849.11",1682.03912025088,-3.48594784641059,0.380042027284858,-9.17253249940623,4.62034464780153e-20,8.03799958273594e-18
"ENSG00000153902.14",526.047354024214,-2.5786191070321,0.28122350895672,-9.169287150275,4.76157276064049e-20,8.13573330799597e-18
"ENSG00000183963.19",21812.0352097771,-3.76871806553529,0.411024939383007,-9.16907395252597,4.77099845617832e-20,8.13573330799597e-18
"ENSG00000175084.12",165963.731137212,-6.15348739571978,0.672555620938803,-9.14941040434735,5.72451187335779e-20,9.66600666616091e-18
"ENSG00000163145.13",608.868081312382,-3.47254576515049,0.379698146551814,-9.14554310229331,5.93309834177241e-20,9.92094686799478e-18
"ENSG00000160298.18",328.695194904169,2.39028560007851,0.262316426493594,9.11222233403246,8.07114396872387e-20,1.31140860918237e-17
"ENSG00000165410.15",4470.03357034638,-3.75028923428317,0.413138636344268,-9.07755630765566,1.11039784419328e-19,1.78732542715335e-17
"ENSG00000077157.22",22619.6632102016,-4.21892341477282,0.466685551845713,-9.04018433415656,1.56407841571133e-19,2.47138739025654e-17
"ENSG00000166831.9",2400.47425348118,-4.34856039045723,0.480982322332522,-9.04099836636179,1.55247352859526e-19,2.47138739025654e-17
"ENSG00000187479.8",4620.94080898626,-3.48838465203,0.38625989314738,-9.03118525613784,1.69822321199136e-19,2.65895439819338e-17
"ENSG00000159176.14",67366.6355105863,-3.93213291713976,0.436279652211035,-9.01287258576462,2.00728425323672e-19,3.1145456480627e-17
"ENSG00000129682.16",210.954177267143,-2.71885112652017,0.303039880153373,-8.97192516425269,2.91376358222589e-19,4.48069198006041e-17
"ENSG00000122035.7",793.189998866556,-3.31343596725178,0.369802775820016,-8.96000837177179,3.24653759224518e-19,4.94824043816271e-17
"ENSG00000186642.16",1149.97115974994,-2.96330034252385,0.331927376108798,-8.92755631446484,4.35522442406218e-19,6.5297994720937e-17
"ENSG00000197380.11",1577.68547302752,-3.63026746333296,0.406641739089515,-8.92743443273005,4.36002403350622e-19,6.5297994720937e-17
"ENSG00000182575.8",675.925303378324,-3.52665229364876,0.395261351503877,-8.92233020058923,4.56578572032147e-19,6.77901098802558e-17
"ENSG00000114268.12",628.530047579742,2.48472839202519,0.278576059697268,8.9193895366507,4.68865471644066e-19,6.90194018643227e-17
"ENSG00000138944.8",1656.09046930957,-4.57239499924156,0.512816073064752,-8.91624744114487,4.82355074904868e-19,7.04034021617504e-17
"ENSG00000107796.13",35552.2224948597,-3.94882754508879,0.443204751523088,-8.90971392233164,5.11644109045981e-19,7.40508108411675e-17
"ENSG00000162614.19",2963.6598343171,-3.86800651109146,0.434880134860586,-8.89441986659488,5.87252672122654e-19,8.4285439766404e-17
"ENSG00000164736.6",471.828102521075,-3.38396460875772,0.381058021775975,-8.88044448713158,6.65937213246417e-19,9.47887324276285e-17
"ENSG00000196924.19",251621.601832351,-4.02740543569625,0.453742943177734,-8.87596269264444,6.93310825214388e-19,9.78761667431754e-17
"ENSG00000206052.11",664.058101695908,-4.26010846802767,0.480119679183713,-8.87301365207649,7.11926020967556e-19,9.96870069847497e-17
"ENSG00000059915.17",3541.84759647824,-4.48250808948826,0.506218800120964,-8.85488268791507,8.37718704692806e-19,1.16355074604227e-16
"ENSG00000196557.13",5043.64832886602,-3.98480570772287,0.451270168947248,-8.8301996939414,1.04489003947292e-18,1.43969129198737e-16
"ENSG00000149294.17",2728.04975425947,-4.68876800528377,0.53219527876543,-8.81023976041394,1.2487847444235e-18,1.69352910655165e-16
"ENSG00000196550.10",49.7239382219263,2.6693414371162,0.303192939771389,8.80410157020446,1.31904897789628e-18,1.77484223018028e-16
"ENSG00000122420.10",669.065030508991,-3.89688514821249,0.442932784154788,-8.79791536688485,1.39381090378396e-18,1.86089962758692e-16
"ENSG00000163710.9",1528.8571969548,-4.60423423419264,0.523521814764899,-8.79473233844188,1.43389377080893e-18,1.89968864728017e-16
"ENSG00000165424.7",3182.81638749342,-3.05108425950345,0.34733083422035,-8.78437489246294,1.57236470621646e-18,2.06208459530388e-16
"ENSG00000198467.16",52472.5043986248,-4.05757513861655,0.46193843586949,-8.78380066161658,1.58041669035657e-18,2.06208459530388e-16
"ENSG00000103710.11",1867.84487171435,-3.39555389759896,0.386827197316084,-8.77796060142171,1.66465562670077e-18,2.1556664555389e-16
"ENSG00000108823.16",1040.5229818308,-4.60573832566297,0.5250703049382,-8.77166025643947,1.76050916380266e-18,2.24601846875358e-16
"ENSG00000203685.10",846.943368420039,-5.18878556823726,0.59153505988774,-8.77172955601646,1.75942575963017e-18,2.24601846875358e-16
"ENSG00000181804.15",750.58054731917,-2.42174300994758,0.276212453349957,-8.76768219743976,1.82381754149122e-18,2.30967717037524e-16
"ENSG00000185739.13",123.54136161014,-3.42991002324908,0.391317583450871,-8.76502914334209,1.86728350406511e-18,2.34746159054842e-16
"ENSG00000262097.2",47.9743457509675,-2.76613095790676,0.315651625113127,-8.76324003374101,1.89717102267979e-18,2.36775192200102e-16
"ENSG00000118526.7",660.394933562057,-4.19671246793414,0.479035382810186,-8.76075675937502,1.93943900321345e-18,2.40309050016872e-16
"ENSG00000172987.13",1163.82313855552,-4.73094525365714,0.541242683814845,-8.74089460260597,2.3127170227232e-18,2.84513752016869e-16
"ENSG00000127951.8",5555.56601701819,-3.95828057850085,0.453795842494089,-8.722602121575,2.71880284506245e-18,3.32098875180927e-16
"ENSG00000106772.18",5925.50609403837,-5.13676411944318,0.59045446999105,-8.69967860438255,3.32825440602402e-18,4.03679757992617e-16
"ENSG00000136842.14",870.884068541136,-4.12067707759208,0.47515693710602,-8.67224438032912,4.23685128774808e-18,5.10288739362834e-16
"ENSG00000142871.18",33523.8037576364,-3.06637381296717,0.354285886818672,-8.65508316038731,4.92552400920372e-18,5.8911319451747e-16
"ENSG00000153234.15",3414.63173852186,-2.94953845506963,0.341242786422542,-8.64351884472475,5.45077266324986e-18,6.47439017787258e-16
"ENSG00000134201.12",601.274656459945,-3.39794564563622,0.393647146571194,-8.63195802442245,6.03105188264527e-18,7.11457579279448e-16
"ENSG00000173641.18",3483.94370961279,-4.9139498496715,0.569416594506273,-8.62979740506556,6.14607400437336e-18,7.20094099165458e-16
"ENSG00000148180.21",55931.4884813636,-2.72791940223416,0.316483652702423,-8.61946384573334,6.72683359085464e-18,7.8281253334655e-16
"ENSG00000149591.17",65357.5646315244,-3.97751513186096,0.461710118452726,-8.61474542769463,7.00971724484389e-18,8.05288680697972e-16
"ENSG00000166501.14",1116.50333689046,-2.94064986434475,0.341377828274258,-8.61406225240346,7.05163716694452e-18,8.05288680697972e-16
"ENSG00000174099.12",7007.56985440147,-3.98266969808684,0.462352628575121,-8.61392247376346,7.0602444861751e-18,8.05288680697972e-16
"ENSG00000240583.13",9442.17664002476,-2.76469030127956,0.321513282978734,-8.59899247603535,8.04189584144466e-18,9.05265176975173e-16
"ENSG00000154175.18",2819.8709161424,-3.76554865743109,0.438092680865933,-8.59532428158378,8.30299876414925e-18,9.28587972174952e-16
"ENSG00000187955.12",7924.50699191459,-3.06896595874001,0.358072262360528,-8.57080059345673,1.02768062892079e-17,1.14191893367115e-15
"ENSG00000168386.18",5550.8691725766,-2.89642772031173,0.338491999242153,-8.5568572574729,1.15986000446575e-17,1.28053005493036e-15
"ENSG00000061455.11",1079.62951312417,-3.61193596650256,0.422694560618262,-8.5450258958135,1.28507455560022e-17,1.40973497268169e-15
"ENSG00000136244.12",2329.65348584319,-4.58733490602498,0.538671064286896,-8.51602250456461,1.65126757815652e-17,1.78866550305596e-15
"ENSG00000074416.14",4191.81140335484,-2.5870951345835,0.304162813129201,-8.5056260098586,1.80618324003268e-17,1.93216732565731e-15
"ENSG00000159251.8",20149.7372932365,-6.69542865210829,0.787162384721173,-8.5057782003645,1.80381523241957e-17,1.93216732565731e-15
"ENSG00000077782.21",5152.8418242247,-2.45772693106004,0.289155136222093,-8.4996827764191,1.90109500074113e-17,2.02114562949164e-15
"ENSG00000189056.14",240.629959523076,-4.15383795556289,0.489098362100374,-8.49284781434297,2.01634258579569e-17,2.13051953099136e-15
"ENSG00000163687.14",211.584387151287,-3.94581060703429,0.464837103571011,-8.48858788750179,2.09163023927416e-17,2.19659436652554e-15
"ENSG00000245812.3",48.5020260545412,-3.26081574813439,0.384214014944939,-8.48697762522195,2.12080581514517e-17,2.21373566995426e-15
"ENSG00000198523.6",3777.16369417919,-4.95337555659239,0.584019982770473,-8.48151724722598,2.222761081046e-17,2.3061815722202e-15
"ENSG00000132329.11",1871.12739793183,-3.52244835009993,0.415637132051025,-8.47481632047136,2.35450732340251e-17,2.41644204821074e-15
"ENSG00000164330.17",801.574520283287,-2.72493849131288,0.321538483751827,-8.47468850234444,2.3570937937607e-17,2.41644204821074e-15
"ENSG00000164764.11",2345.33234509509,-4.30947754551042,0.508857490177033,-8.4689281944364,2.4766128296483e-17,2.52394690917354e-15
"ENSG00000197361.8",518.265381888922,-4.14289854023267,0.491091453064128,-8.43610393620856,3.28091051208642e-17,3.30451004384003e-15
"ENSG00000076555.15",2129.21563045741,-2.90949192540608,0.345214368100591,-8.42807308807695,3.51403565491309e-17,3.498395149397e-15
"ENSG00000136717.15",3494.26451606082,-2.82284873531073,0.33544179743272,-8.41531603072486,3.91837089920104e-17,3.87851160901951e-15
"ENSG00000070808.16",192.914117339073,-4.20866058936006,0.502215945618751,-8.38018112741287,5.28463153211015e-17,5.12454536310987e-15
"ENSG00000268754.4",51.9467299908752,-2.98776012709993,0.356537890267396,-8.37992316850019,5.29622641022793e-17,5.12454536310987e-15
"ENSG00000118785.14",6522.2045226708,5.05657000701367,0.603933671247382,8.37272410489993,5.63013147149408e-17,5.41719297952752e-15
"ENSG00000175899.15",51701.1503567643,-2.69441673508741,0.321841378914625,-8.37187792375869,5.67071747739885e-17,5.42593150629113e-15
"ENSG00000197256.11",12993.6664023135,-3.11619976624738,0.372800949759972,-8.35888365695888,6.33145114879529e-17,5.99157050196161e-15
"ENSG00000203814.6",64.3763123057891,2.94049250630618,0.35252300685655,8.34127829705802,7.34917086092827e-17,6.87906357270476e-15
"ENSG00000069535.14",2471.37973718497,-4.01404484487972,0.482108049930367,-8.32602742364389,8.36004454529168e-17,7.78297552451668e-15
"ENSG00000144891.18",392.959082609959,-4.09195355564039,0.49232318218369,-8.31151914783011,9.44845983323904e-17,8.70218308598267e-15
"ENSG00000138685.17",712.812995819478,-3.12851428723247,0.376945610672528,-8.2996437646554,1.04424035831336e-16,9.51584745567774e-15
"ENSG00000164283.13",331.556529045115,4.35379075770402,0.524648057521124,8.29849781256214,1.05436043949734e-16,9.5574999207698e-15
"ENSG00000103175.11",1894.34273226013,-2.94178020793363,0.355451411359081,-8.27618097417487,1.2718864756381e-16,1.1468953282678e-14
"ENSG00000004799.8",7908.20557640038,-3.75978322072334,0.454727851000425,-8.26820528465899,1.35990588646202e-16,1.20772987733622e-14
"ENSG00000156113.24",3468.2112176829,-4.37076169612605,0.528559703545324,-8.26919204549473,1.34869868590745e-16,1.20772987733622e-14
"ENSG00000277494.2",272.2396183423,-3.5388983173304,0.428015062611111,-8.26816303085528,1.36038783140699e-16,1.20772987733622e-14
"ENSG00000151320.11",1182.94442686912,-4.23129239233558,0.512678162974351,-8.25331113731728,1.54065262041301e-16,1.36075179904478e-14
"ENSG00000072952.19",4704.84224588348,-3.15117060534941,0.382131873315931,-8.24629094141056,1.63386591570817e-16,1.43571799317561e-14
"ENSG00000150995.20",3646.37272451245,-3.15018784390555,0.382336347790989,-8.23931039281586,1.73206060561042e-16,1.50663029345597e-14
"ENSG00000131018.24",3788.31147097515,-2.60288207710961,0.316081413451088,-8.23484699302763,1.79787270405347e-16,1.55601816994537e-14
"ENSG00000112320.12",968.076004750313,-3.31324625515315,0.403031099153027,-8.22082033400391,2.0211586409368e-16,1.73186145636092e-14
"ENSG00000075073.15",1193.92149460191,-5.04685928366626,0.614902454412129,-8.2075770676363,2.25696593558016e-16,1.92434278754936e-14
"ENSG00000165966.16",975.235990216126,-4.99482204131151,0.608652425711007,-8.20636184186194,2.27991621897181e-16,1.9343348295247e-14
"ENSG00000008441.18",4764.06828223727,-2.32275254455926,0.283368101029474,-8.19694431420023,2.46574598123293e-16,2.07366117341377e-14
"ENSG00000048540.15",2339.05849788043,-4.59668655820487,0.560868631289314,-8.19565634761583,2.49229439062097e-16,2.07366117341377e-14
"ENSG00000111981.5",54.7237958798472,4.00346358822785,0.488453863789697,8.19619596652741,2.48113729087056e-16,2.07366117341377e-14
"ENSG00000128016.7",52716.3933917986,-2.95746056541056,0.360813853469508,-8.19663806412159,2.47203323413135e-16,2.07366117341377e-14
"ENSG00000165124.18",2137.20898635774,-2.98362149390221,0.367028217625526,-8.12913381212113,4.32368817690651e-16,3.58013853225292e-14
"ENSG00000148411.8",3533.65964392207,-2.93900944896048,0.361777836361702,-8.12379630139111,4.51823824862194e-16,3.72333097397205e-14
"ENSG00000130032.17",110.171358944371,-3.16802934551602,0.390060497584017,-8.1218922837313,4.58970601024474e-16,3.76421460068787e-14
"ENSG00000108381.11",328.399381674059,-3.70343508930902,0.456087689753484,-8.12000668404519,4.66158006900255e-16,3.805042347319e-14
"ENSG00000150764.14",2478.19173114127,-3.24152509688585,0.399271548337883,-8.11859775729051,4.71600756555637e-16,3.83131124064044e-14
"ENSG00000135842.17",16455.4405102644,-4.08437082193966,0.503277163837006,-8.11554967207383,4.83590851790408e-16,3.9102747607447e-14
"ENSG00000153823.19",798.240893393435,-2.77287097134018,0.341880357712778,-8.11064721556695,5.03508440251239e-16,4.05230180675098e-14
"ENSG00000185052.12",1110.62785693623,-2.58704281562527,0.319001541837743,-8.10981288905852,5.06977698167167e-16,4.06124506768982e-14
"ENSG00000143878.10",28281.6035644386,-2.4567660051468,0.303059111440894,-8.1065571447963,5.20742330164364e-16,4.15219682982446e-14
"ENSG00000184557.4",17865.1946320137,-2.67770764852798,0.331059770601256,-8.08829065417659,6.05078758813499e-16,4.80242924564281e-14
"ENSG00000138722.10",588.511252758353,-4.0315796477761,0.499303808541644,-8.07440195489687,6.78081596362521e-16,5.35715565786775e-14
"ENSG00000073712.15",5820.75043101593,-3.17144175361317,0.393792167429414,-8.0535927728467,8.03984068134709e-16,6.29409891158368e-14
"ENSG00000135424.18",3892.20674857268,-3.50438123195304,0.43510731679233,-8.0540618295914,8.0090727765455e-16,6.29409891158368e-14
"ENSG00000197043.14",11870.1364148237,-2.78171811105607,0.345735223824757,-8.04580476435932,8.56804934630085e-16,6.67726307200631e-14
"ENSG00000148339.12",3202.52535308417,-2.71489550058916,0.337613617404299,-8.04142771687441,8.87977212973193e-16,6.88902321578257e-14
"ENSG00000178222.13",38.6165293372035,-2.43872071558216,0.303463016797196,-8.0363028790818,9.25897107694433e-16,7.15099815507678e-14
"ENSG00000259658.5",17.6788156931381,-2.56679025391194,0.31969854021464,-8.02878315361916,9.84441814163091e-16,7.56921489523702e-14
"ENSG00000136732.16",1580.08112968499,-2.50500976993432,0.312440791326466,-8.01755033105411,1.07874886652578e-15,8.22092554343963e-14
"ENSG00000164197.12",313.56858883104,-2.7633001064994,0.344959657051874,-8.01050224282853,1.14240932630349e-15,8.66771622331497e-14
"ENSG00000078804.13",5193.01744890691,-2.4850594555917,0.31081712215119,-7.99524633132307,1.2931506073299e-15,9.76839162721177e-14
"ENSG00000141338.14",980.875469968296,-3.69197738735847,0.461869984799473,-7.99354257445717,1.31115574333703e-15,9.86115081549944e-14
"ENSG00000187239.17",6157.94957886547,-2.72813535517759,0.341490505711071,-7.98890542944061,1.36142077880876e-15,1.01505411573261e-13
"ENSG00000068831.19",749.677534577703,-3.04641935457081,0.382105078687702,-7.97272667778562,1.55211191086057e-15,1.14239416413468e-13
"ENSG00000165633.13",1444.75443051403,-2.34323215866847,0.294120048792353,-7.96692428241362,1.62672265188302e-15,1.19221464822899e-13
"ENSG00000164303.11",83.441600630446,-3.52174206845114,0.442076533128319,-7.96636284565891,1.6341266850703e-15,1.19256626682058e-13
"ENSG00000132837.15",78.7535784261491,-2.96866446918095,0.373647747449719,-7.94508862810804,1.9405199230345e-15,1.40426784178249e-13
"ENSG00000119138.4",4732.60471551367,-2.6114292387916,0.32882007498082,-7.94181814764176,1.99238905017783e-15,1.43577056950681e-13
"ENSG00000182916.8",243.297465010683,-2.60153237828999,0.327720613877146,-7.9382628621135,2.05032461760841e-15,1.47136420371123e-13
"ENSG00000189134.4",41.6139624455308,-3.35999808869284,0.423420964396257,-7.93536071952356,2.09884409846878e-15,1.49993327418787e-13
"ENSG00000177363.5",444.901674389749,-2.87388772840643,0.36244567269423,-7.92915447725854,2.20642947311376e-15,1.57030309154704e-13
"ENSG00000140416.23",45900.1053064327,-3.76793057871638,0.476424956136724,-7.90875987956236,2.59965484942445e-15,1.84254549265997e-13
"ENSG00000140092.14",3144.3213389659,-2.57243973310051,0.325467482272137,-7.90383025407614,2.70461276858817e-15,1.89438398359433e-13
"ENSG00000172260.15",2203.17184539247,-3.84547404489516,0.486567431719225,-7.90327053191304,2.71679059367008e-15,1.89438398359433e-13
"ENSG00000102010.15",105.831846935711,-2.51492668508806,0.319504607078366,-7.8713315218995,3.50886443331902e-15,2.42703502550415e-13
"ENSG00000109063.15",1073.80057172458,-4.4958340590438,0.57113535030366,-7.87174888868893,3.49717572786079e-15,2.42703502550415e-13
"ENSG00000109906.14",1748.96139822221,-4.32011541019462,0.549661262353735,-7.85959591129856,3.85374646295891e-15,2.6443456307387e-13
"ENSG00000108379.10",148.915668979286,2.50914827302825,0.319373306751044,7.85647460194338,3.95095934502784e-15,2.68961947823773e-13
"ENSG00000129116.19",30352.7225386372,-3.26295305770869,0.415300092968638,-7.85685607336258,3.93895016993667e-15,2.68961947823773e-13
"ENSG00000124212.6",9043.79311928419,-3.87124141776961,0.493796495872877,-7.83975068702435,4.51441844627211e-15,3.06109562598994e-13
"ENSG00000121440.15",2347.17966302027,-3.05494067190748,0.390086919065743,-7.83143582262142,4.82329540252545e-15,3.25771045951748e-13
"ENSG00000141448.11",856.363191817949,-2.86907276557376,0.36689747088188,-7.81982159396634,5.28982534748631e-15,3.54500630193606e-13
"ENSG00000048740.18",2037.4765952327,-2.81731907031304,0.360422679187805,-7.81670863959429,5.42224112937063e-15,3.61966120043219e-13
"ENSG00000155011.9",98.9319604752557,2.86878281629737,0.367078486965078,7.81517555010051,5.48864799759589e-15,3.64984495994572e-13
"ENSG00000167281.19",1723.57731324189,-5.42374622317381,0.696428498593611,-7.78794410930438,6.81082950058284e-15,4.49436461641909e-13
"ENSG00000183010.17",954.931498900045,2.50719302996844,0.322080569922405,7.78436597579442,7.00636715652378e-15,4.60575044033622e-13
"ENSG00000154065.17",320.839256570508,-3.20284474655779,0.412052695680857,-7.77290084528038,7.67087878304763e-15,5.02340476351443e-13
"ENSG00000149090.12",1636.53760587039,-2.55871037329372,0.329417024440425,-7.76738961090478,8.01201108160806e-15,5.22692677494453e-13
"ENSG00000168734.14",4517.44949352932,-2.49908950049355,0.321931802666658,-7.76279162168148,8.30800538793853e-15,5.39957648288548e-13
"ENSG00000135063.19",539.21169675446,-3.0310968086741,0.390875685499339,-7.75463125776655,8.86005418991479e-15,5.73671854559784e-13
"ENSG00000148357.16",1187.72805858017,-4.12625203927603,0.532355251521481,-7.75093704341814,9.12169052744493e-15,5.884002844726e-13
"ENSG00000178878.13",3894.82250222787,-2.43049197036884,0.313906396804534,-7.74272839008847,9.73057651190661e-15,6.25334773375252e-13
"ENSG00000080854.16",1148.79390991162,-4.27865276878487,0.553176883014912,-7.73469192252839,1.03653801324733e-14,6.63654059559805e-13
"ENSG00000106809.11",2087.60077241191,-4.80317129747797,0.621156608445183,-7.73262528672244,1.05351051989837e-14,6.7202265497073e-13
"ENSG00000140682.19",4315.15337198302,-2.85968626982838,0.369957973724642,-7.7297597914644,1.07749704499521e-14,6.84787144131087e-13
"ENSG00000134769.21",2506.07001979774,-4.18736113259107,0.542129307179685,-7.72391582070143,1.12809356168234e-14,7.11690674463552e-13
"ENSG00000115363.14",99.123975943523,3.21252428769973,0.416862542092997,7.70643548727161,1.29380595214002e-14,8.13256201230203e-13
"ENSG00000163637.13",1447.50838880067,-2.53299636856567,0.328784378809102,-7.70412626579309,1.31741539305825e-14,8.25085284168808e-13
"ENSG00000255248.9",1648.90227835512,-2.89497084337167,0.375984020792225,-7.69971776266384,1.36367092304081e-14,8.50960300997531e-13
"ENSG00000111275.13",4424.72703999643,-2.37569337621136,0.308958840143536,-7.68935232637353,1.47881711668043e-14,9.19482570418306e-13
"ENSG00000108342.13",2004.13722166257,-5.56738087113625,0.724767699596602,-7.68160732636815,1.57104776334677e-14,9.69826366599333e-13
"ENSG00000174944.9",299.533654728125,-3.36013094360368,0.438358379778216,-7.66525997587569,1.78469328371988e-14,1.08999192998253e-12
"ENSG00000269113.4",239.628113088806,-2.38102882197507,0.311026761116547,-7.65538249322172,1.92737714156909e-14,1.1729758483832e-12
"ENSG00000108691.9",5655.65568026036,-3.90543110390571,0.510407226660807,-7.65159837068898,1.98496377245543e-14,1.20376869904929e-12
"ENSG00000119508.18",4056.28970721954,-3.52951513652399,0.461355282250976,-7.65031911914675,2.00481159267732e-14,1.21153930037479e-12
"ENSG00000082175.15",299.74621189396,-3.15388904372583,0.413193083057257,-7.63296670019228,2.29412155655631e-14,1.38152641848144e-12
"ENSG00000108551.5",985.439971332821,-2.85786902592396,0.374541667795032,-7.63030998059187,2.34189916241388e-14,1.40538429527018e-12
"ENSG00000123570.4",582.129776976146,-4.01227664621063,0.526963991709381,-7.61394840887608,2.658469482237e-14,1.58231315856882e-12
"ENSG00000169258.7",355.770705433761,3.29909539752296,0.433312344789224,7.61366583988678,2.66429086677674e-14,1.58231315856882e-12
"ENSG00000186594.14",2166.90815886939,-2.48370168155505,0.326427655370807,-7.6087354753496,2.76790593996943e-14,1.63820082488294e-12
"ENSG00000211445.12",7353.55963995185,-2.71733031812681,0.357252730409875,-7.60618488488311,2.82305364090392e-14,1.66511824853727e-12
"ENSG00000025423.11",840.057526989005,-3.00346033317477,0.395583489165464,-7.59248152522992,3.13836241159095e-14,1.84477869675191e-12
"ENSG00000166165.13",12028.2816745615,-3.34675094846126,0.440985596281676,-7.58925229458868,3.2175673179777e-14,1.88490346658265e-12
"ENSG00000100739.11",280.900760889694,-3.36276942113444,0.443160473605054,-7.58815287333445,3.24497938323098e-14,1.89451796330126e-12
"ENSG00000196584.3",248.467387785357,2.45413450266839,0.324914393051125,7.55317263609873,4.24781337962364e-14,2.43056776867967e-12
"ENSG00000100448.4",455.717019155853,-4.25519555650282,0.56363068000207,-7.54961663280499,4.36541305183583e-14,2.48958639045591e-12
"ENSG00000145777.15",209.408200317572,-3.08062688360237,0.408522822381955,-7.54089298032432,4.66764061661707e-14,2.64556925549876e-12
"ENSG00000182534.13",6854.18507628039,-2.55539054202959,0.339378208144172,-7.52962470985769,5.08863646012085e-14,2.87349461484136e-12
"ENSG00000163297.17",6646.89895223836,-2.781885989691,0.369972187164509,-7.51917599809747,5.51225411236523e-14,3.10253439794988e-12
"ENSG00000237125.11",896.225129923497,-4.25695851923554,0.566772904492782,-7.51087161275855,5.8734974082938e-14,3.28439109944948e-12
"ENSG00000154920.15",103.68324414087,2.48415196610393,0.331353961742783,7.49697378911158,6.53080318919034e-14,3.64013020477104e-12
"ENSG00000183690.13",60.4641863801203,-2.69040149396408,0.35894732100104,-7.49525441911929,6.61698863805919e-14,3.67627081655785e-12
"ENSG00000145362.20",1187.2263655265,-3.31714233789235,0.442606505375883,-7.49456299806365,6.65196129321671e-14,3.6838176640859e-12
"ENSG00000109610.6",3257.02853547479,-2.68293259316532,0.358053317363775,-7.49310916295606,6.72609128314012e-14,3.71293173620264e-12
"ENSG00000121898.13",3160.03002255112,-3.49814609124366,0.468022032986911,-7.47431925142184,7.76045311437057e-14,4.27023271529726e-12
"ENSG00000164949.8",3816.43692068332,-3.00490212659122,0.403419531735707,-7.44857868845038,9.43511494972569e-14,5.13926338946154e-12
"ENSG00000154556.18",5572.40312431533,-3.72488100840477,0.501343956970148,-7.42979137699383,1.08769093673489e-13,5.87250815153136e-12
"ENSG00000091436.17",10153.9673174684,-3.18270383740923,0.428840437612194,-7.4216504747796,1.15669736994356e-13,6.22556212579311e-12
"ENSG00000137726.17",1086.38005586006,-3.70900847878629,0.499894571498361,-7.41958142827812,1.17491048284789e-13,6.30388886171001e-12
"ENSG00000280339.1",115.505355792471,-2.65969007806519,0.358849745420544,-7.41170953026104,1.2468161098697e-13,6.64827054498014e-12
"ENSG00000117013.17",301.427122379305,-3.42077830160757,0.461657487510136,-7.40977541609236,1.26513477854927e-13,6.70443578183204e-12
"ENSG00000166963.13",3296.09290452812,-3.37075138421059,0.45615381663126,-7.38950604229055,1.47375270626439e-13,7.76221494189344e-12
"ENSG00000177469.13",26893.4182830959,-2.71527829022826,0.367639617929516,-7.3857064304447,1.51646056927233e-13,7.96280499529795e-12
"ENSG00000197245.6",197.178239265848,-2.57241244523834,0.348457516365476,-7.3822842797866,1.55596514364927e-13,8.14540658634389e-12
"ENSG00000144218.19",927.938758699258,-3.77299335468997,0.511321284527521,-7.37890924719935,1.59591563305633e-13,8.32922877216034e-12
"ENSG00000136826.15",6513.56216566877,-2.4589845768465,0.333386295861344,-7.37578181038729,1.63383404746681e-13,8.47576018057855e-12
"ENSG00000166086.13",1340.03875833083,-3.25653626097222,0.441797657139801,-7.37110350936454,1.69221386320502e-13,8.72604771436528e-12
"ENSG00000005102.14",318.039054227735,-2.87688517316137,0.390485254033574,-7.36746175033288,1.73907308796805e-13,8.94091217733542e-12
"ENSG00000170271.11",1177.92669745241,-2.68637147984135,0.364951412514053,-7.36090171931559,1.8267202578178e-13,9.33578724047359e-12
"ENSG00000185271.9",20.5942180465609,-2.89911153155604,0.39406390645471,-7.35695780321163,1.88148791675065e-13,9.58723857698118e-12
"ENSG00000162878.13",1569.33529647385,-3.6482133455762,0.498021076326139,-7.3254195836224,2.3815240225724e-13,1.20994065606975e-11
"ENSG00000115252.18",636.770031533372,-3.01704208489295,0.412548793252215,-7.31317636662787,2.60900208970835e-13,1.31388429798383e-11
"ENSG00000158104.11",84.0523017248114,-3.04440139381346,0.416268012465862,-7.31356074126193,2.60154624847003e-13,1.31388429798383e-11
"ENSG00000177098.9",384.793641707519,-2.65786846958129,0.36346046253887,-7.31267563744171,2.6187463865864e-13,1.31494661854745e-11
"ENSG00000197580.13",131.163732618693,-2.74128161592393,0.375560925417756,-7.29916620818488,2.895564524983e-13,1.44133837612087e-11
"ENSG00000091986.16",14031.0577122652,-3.07413605664101,0.421195960317198,-7.29858865295362,2.90801873235016e-13,1.44336618522383e-11
"ENSG00000069702.11",5130.79177948443,-2.39173124889176,0.327844131120345,-7.29533037763549,2.97927101778125e-13,1.47448232009329e-11
"ENSG00000011465.18",44131.1367824988,-2.62047154681023,0.35946569900309,-7.28990708731768,3.10168854025058e-13,1.53066996357409e-11
"ENSG00000125648.15",4238.63253168183,-2.55102202665928,0.350100753377194,-7.28653680990753,3.18023929672591e-13,1.56495032592887e-11
"ENSG00000157368.11",310.266463383139,-2.4410964030219,0.335907510805378,-7.26716826655376,3.67101421811156e-13,1.79618971245839e-11
"ENSG00000224848.2",34.5583845257743,-2.36628281478053,0.326522861252095,-7.24691314325345,4.26377193004967e-13,2.05700123112732e-11
"ENSG00000112936.19",6631.6249126338,-4.64775161146867,0.64147294082527,-7.24543673734581,4.31047942275518e-13,2.07372589659532e-11
"ENSG00000205363.6",362.612413919537,-3.22735178985873,0.445486064492754,-7.24456284291072,4.33836221744902e-13,2.07628813662672e-11
"ENSG00000167641.11",2060.96626610692,-3.48658927587017,0.481621031763986,-7.23927952876182,4.51074492330141e-13,2.14609281254199e-11
"ENSG00000020181.18",3624.78521043515,-2.55548702675045,0.353585513474685,-7.22735216620637,4.92501789334364e-13,2.33673782856908e-11
"ENSG00000140538.16",354.246679510942,-3.68313029042612,0.512078366919264,-7.19251295965568,6.36095273747261e-13,2.99329751359264e-11
"ENSG00000171992.13",6524.19311721091,-2.38663208279352,0.333071340936415,-7.16552819009767,7.74872091731358e-13,3.6265277271438e-11
"ENSG00000140287.11",179.946811395152,-2.96171274347468,0.413468859369668,-7.1630853844466,7.88811830161027e-13,3.68176318451582e-11
"ENSG00000165072.10",1104.17874294163,-3.75723721168281,0.525519084917434,-7.14957328766304,8.70480649338539e-13,4.04104803869479e-11
"ENSG00000232063.2",29.3820768886799,-2.54293768591263,0.355952393632537,-7.14403872934142,9.06278483015299e-13,4.19592320241196e-11
"ENSG00000158887.19",284.143362971652,-2.57050675089346,0.360287897344438,-7.13459089200557,9.70754510255563e-13,4.48238738073232e-11
"ENSG00000138735.16",2068.43275157182,-2.70425903592526,0.379224933810515,-7.13101590855964,9.96308020531486e-13,4.57584347669701e-11
"ENSG00000104490.18",1059.24928906809,-2.47345243133674,0.347269283184498,-7.12257763961991,1.05927047182716e-12,4.85207854688274e-11
"ENSG00000141404.17",916.532073202833,-2.90177667375462,0.407449060531744,-7.12181461399771,1.06515265786397e-12,4.85320746729926e-11
"ENSG00000197757.8",106.668889243535,3.26783176507761,0.458831420969421,7.12207494023257,1.06314220195956e-12,4.85320746729926e-11
"ENSG00000124491.16",2474.73892333333,-2.71513347524881,0.381283541301485,-7.1210350858075,1.07119516279083e-12,4.86786128990674e-11
"ENSG00000112562.19",5739.16221289878,-3.00875691857466,0.422551024349706,-7.12045822916901,1.07568830584484e-12,4.87541570830675e-11
"ENSG00000196890.4",70.8561114650137,3.0269798278881,0.425182976521933,7.1192404095039,1.08523474068016e-12,4.90577373720064e-11
"ENSG00000180806.5",69.8511218824124,3.17482305384683,0.447781534956132,7.09011606331168,1.33999571660196e-12,6.02578230470902e-11
"ENSG00000146374.14",322.325739380964,-2.89216198515996,0.40900959537735,-7.07113480428662,1.53671762881708e-12,6.8745162911991e-11
"ENSG00000127472.11",405.111812083366,-3.88832967053185,0.550981137090602,-7.05710124862671,1.70011752662198e-12,7.52728127532398e-11
"ENSG00000187720.14",2613.98234130751,-2.43926576593548,0.345902036028714,-7.05189768161121,1.7649397037379e-12,7.79424526089175e-11
"ENSG00000136160.17",1201.26695877964,-2.48338066752707,0.352316349307838,-7.04872388807936,1.80566040910676e-12,7.95368010896312e-11
"ENSG00000286039.1",59.8345525886923,-2.55259579979403,0.362197442254051,-7.04752574703054,1.82127135272911e-12,8.00197870103404e-11
"ENSG00000105048.17",430.193517881953,4.91732361741889,0.699855870991493,7.02619470842256,2.12242232263119e-12,9.19399642566193e-11
"ENSG00000106484.16",2056.60717474283,2.87533522791928,0.409239157563601,7.02605108718711,2.12460696592548e-12,9.19399642566193e-11
"ENSG00000198947.16",3869.14692038963,-3.82285025161336,0.544076877105551,-7.02630531176154,2.12074142125134e-12,9.19399642566193e-11
"ENSG00000273802.2",176.619210505846,3.62625526570917,0.516522747236905,7.02051416923557,2.2105324173188e-12,9.54185459235129e-11
"ENSG00000103316.12",513.144706862753,-3.15927046441382,0.450191079810731,-7.01762119707488,2.25677381393812e-12,9.69287167018858e-11
"ENSG00000176533.13",682.109718418499,-2.66714802044432,0.380336891432262,-7.01259352044565,2.33940382032169e-12,1.00227741287066e-10
"ENSG00000122786.20",48411.5795989979,-3.28765435055522,0.468901441670689,-7.01139740334633,2.35949484166112e-12,1.00837666644986e-10
"ENSG00000169750.9",341.934999776491,2.4620189227771,0.351186503510475,7.01057386364983,2.37342599837012e-12,1.01181970222595e-10
"ENSG00000129244.9",237.393742973097,-2.44181443690166,0.348337679974287,-7.00990612638263,2.38478076664976e-12,1.01415010232121e-10
"ENSG00000251141.6",109.182986405299,-2.39955072638986,0.343174692723779,-6.99221352059679,2.70582644049972e-12,1.13664509231041e-10
"ENSG00000184113.9",1839.40293830874,-3.02881665823813,0.433685536769033,-6.98390054877754,2.87095331149215e-12,1.20307612856032e-10
"ENSG00000170153.11",1580.04037413112,-3.46804587320055,0.497221135729995,-6.97485610322847,3.06184043707185e-12,1.27685418517406e-10
"ENSG00000171747.9",897.481437435012,-4.48282186057994,0.64300568953439,-6.97166748839504,3.13206137333817e-12,1.3029829235025e-10
"ENSG00000243244.7",1440.76573718036,-2.58728044287389,0.371217673383562,-6.96971245816891,3.1758942280948e-12,1.31803436844522e-10
"ENSG00000233117.4",602.788101547352,-4.04705259120895,0.581208504491475,-6.96316822609108,3.32704126568227e-12,1.37744307016456e-10
"ENSG00000145147.20",1248.56042296811,-2.98916458515851,0.429865966820477,-6.95371305448535,3.55794945331174e-12,1.4659943405356e-10
"ENSG00000154678.18",759.113031580927,-3.66652039523742,0.528022364950478,-6.94387328760458,3.81492714243915e-12,1.55697844014762e-10
"ENSG00000130988.13",193.098741735326,-3.10714179715283,0.447538955797238,-6.94272924603362,3.8459611408818e-12,1.5659335397023e-10
"ENSG00000104332.12",2631.06860711959,-3.51142093864972,0.506413154210002,-6.93390546722169,4.09378271582432e-12,1.65509905433432e-10
"ENSG00000101115.13",291.743151512002,3.2444404571409,0.468380327351326,6.92693579913591,4.30053626056406e-12,1.73056392560034e-10
"ENSG00000277075.2",93.8440262423849,3.46281236504621,0.499882664797216,6.9272503507417,4.29098843351388e-12,1.73056392560034e-10
"ENSG00000198932.13",1188.49641634283,-2.77762101622591,0.401578138879125,-6.91676350704434,4.62078508392054e-12,1.84649145012444e-10
"ENSG00000168427.9",94.0513200480751,-2.95229487368617,0.427954963359416,-6.89861113073879,5.25134015168299e-12,2.06022395062497e-10
"ENSG00000163681.16",10253.2658068504,-2.70753066947616,0.392956779166583,-6.89014877213349,5.57340698325164e-12,2.17173729575889e-10
"ENSG00000253636.1",196.448613088134,-3.25075493644852,0.472191986134139,-6.88439243338843,5.8034686368362e-12,2.2511968543295e-10
"ENSG00000148516.22",3518.48329992877,-2.86755982096721,0.416616005348762,-6.8829804523873,5.86130731811949e-12,2.26852350426903e-10
"ENSG00000162733.19",3861.97922311767,-2.47362667537875,0.359674470866367,-6.87740408547872,6.0953034169435e-12,2.33807150890908e-10
"ENSG00000149534.9",169.446100456329,-2.59541405367431,0.37945513326451,-6.83984436142836,7.92792649229015e-12,3.01418715180382e-10
"ENSG00000185532.20",979.720374362599,-2.91110055001595,0.42626823782918,-6.82926920579648,8.53482828276305e-12,3.23066697833028e-10
"ENSG00000197253.13",1172.88396674386,-2.77676251622298,0.406980080715982,-6.8228462467695,8.92541695404365e-12,3.3637298949561e-10
"ENSG00000163106.11",90.874013679337,-2.35326016609264,0.34493113046278,-6.82240586094787,8.95282983270216e-12,3.36669406569059e-10
"ENSG00000105974.13",13044.95517898,-2.57960793518438,0.37836218895003,-6.81782696717897,9.24278694017709e-12,3.45311322062191e-10
"ENSG00000213088.12",3454.75958466775,-3.79759843823928,0.556981243498389,-6.81818011390587,9.22010039083788e-12,3.45311322062191e-10
"ENSG00000113448.19",2807.84938269315,-2.37302044032646,0.348160474401442,-6.81588122375513,9.36876795046421e-12,3.49260368854643e-10
"ENSG00000150672.17",222.817912018204,-2.52045344656693,0.36999083165266,-6.81220514386443,9.61139124827598e-12,3.57531299069238e-10
"ENSG00000134198.10",1565.96147997672,-2.87195759723149,0.42214564547938,-6.80323871153558,1.02292936994783e-11,3.78879839540032e-10
"ENSG00000020577.14",1917.01861145146,-2.56778180171093,0.377555674057371,-6.80106796996713,1.03846408761355e-11,3.83178489851327e-10
"ENSG00000157570.12",2125.85599964078,-2.69928280160885,0.396895233799834,-6.80099575841765,1.03898481542455e-11,3.83178489851327e-10
"ENSG00000284946.1",42.9750873689653,2.47497066305131,0.363940675431308,6.80047829256297,1.04272382737781e-11,3.83735736729232e-10
"ENSG00000144668.12",1126.28701357338,-2.61565640123998,0.384715306634251,-6.79894029723826,1.05391478069511e-11,3.87027169891511e-10
"ENSG00000143248.13",14062.5031843317,-2.7903332347643,0.4104673394237,-6.7979421668042,1.06124037026476e-11,3.88888146746169e-10
"ENSG00000129596.5",146.177723047749,-2.94515852069249,0.433432664866337,-6.79496207698312,1.08341023919788e-11,3.96169311034079e-10
"ENSG00000154553.16",6309.97515125411,-3.07289185483116,0.452455987906146,-6.79158180456787,1.10910663232797e-11,4.03850814557815e-10
"ENSG00000112276.14",956.316178847473,-3.36180784305043,0.49509660249784,-6.79020584283873,1.11973664827916e-11,4.05963883975456e-10
"ENSG00000007237.19",2327.113523784,-2.33704448541105,0.344372696356068,-6.78638147025059,1.14980884908369e-11,4.15160541043362e-10
"ENSG00000168309.18",2065.61839100734,-3.53265638468912,0.520691484394174,-6.78454803000932,1.16450490505804e-11,4.19587196230431e-10
"ENSG00000267383.7",227.262775139161,3.54281932331447,0.522289904519316,6.78324297034818,1.17507762976088e-11,4.2251277698062e-10
"ENSG00000232855.7",772.56320380986,-3.76942836376498,0.556119276076324,-6.77809334421929,1.21772169668267e-11,4.34219891966161e-10
"ENSG00000145861.9",166.300280839255,-2.39438505307939,0.353284635875227,-6.77749556571441,1.22276903740859e-11,4.35118825026613e-10
"ENSG00000149243.16",120.438496913854,2.72717576111748,0.402835203428192,6.7699539114476,1.28823426822709e-11,4.57469253642786e-10
"ENSG00000120738.8",54548.7616994857,-2.86634981814302,0.423424623823356,-6.76944527283514,1.29277102032841e-11,4.58135705413914e-10
"ENSG00000026559.14",1091.04008628044,3.15331213025242,0.466080398334425,6.76559696893717,1.32760640804239e-11,4.6855256487119e-10
"ENSG00000259291.2",429.029332888824,-2.63674552987551,0.389763697758265,-6.76498489992991,1.33323103377521e-11,4.69575421159724e-10
"ENSG00000122641.11",1503.94388592375,2.83823143450952,0.419778531403824,6.76125914543057,1.36797584284755e-11,4.8044169846233e-10
"ENSG00000150051.14",269.824614514606,-3.88444414961198,0.574530066495685,-6.76108070950043,1.3696619284968e-11,4.8044169846233e-10
"ENSG00000151067.22",1806.04608734814,-3.24415645630288,0.479881774899242,-6.7603243673591,1.37683142114731e-11,4.81974950536993e-10
"ENSG00000163531.15",1901.68043679311,-2.7177529344038,0.40215497168086,-6.75797422830457,1.39934412661514e-11,4.88862147924799e-10
"ENSG00000158445.10",411.169968920855,-4.06526444128193,0.60210243127196,-6.75178213895256,1.46040057961554e-11,5.08130892580172e-10
"ENSG00000169418.10",811.961641022581,-2.37538919435188,0.352459443691062,-6.73946814838066,1.58967437512593e-11,5.49778348650481e-10
"ENSG00000179921.15",173.893742322923,-2.83228446891756,0.420321876599668,-6.73837034567475,1.60172891369198e-11,5.52837216042425e-10
"ENSG00000068615.19",1207.34537532022,-4.14539852675814,0.615584698346795,-6.73408312112202,1.64966856330224e-11,5.64855699120366e-10
"ENSG00000125740.14",42724.1436009754,-3.32653057792952,0.49455025397726,-6.72637522916424,1.73941664740635e-11,5.89723876344086e-10
"ENSG00000176697.20",153.360238424761,-2.59390400585642,0.385711222119443,-6.72498972574141,1.75604832840491e-11,5.94192934383453e-10
"ENSG00000180139.11",206.277544389285,-3.22231370652467,0.479962113502669,-6.71368346765717,1.89771742703703e-11,6.39616188764359e-10
"ENSG00000165995.22",620.321611453507,-3.24320309480052,0.483641922514938,-6.70579398480567,2.0031416612065e-11,6.72516741344239e-10
"ENSG00000137727.12",352.522056862652,-2.88355086264601,0.431549317117179,-6.68185708625055,2.35933058188009e-11,7.8597196541046e-10
"ENSG00000154721.15",1001.01754089532,-2.38531261948385,0.35706459089435,-6.68033930082309,2.38389661299881e-11,7.92622613237037e-10
"ENSG00000104936.19",3921.29039901248,-2.46000514476606,0.368474558628284,-6.67618723508048,2.45238620758337e-11,8.10699571078854e-10
"ENSG00000188906.16",591.072688292914,-2.32671115086781,0.349084440293828,-6.66518149279123,2.64338486755251e-11,8.68836213241545e-10
"ENSG00000180537.13",125.623352635486,3.80859660218329,0.572488456944345,6.65270461960344,2.87755344053395e-11,9.38638312619627e-10
"ENSG00000105509.11",509.095874506954,-4.17849124534075,0.630280870535613,-6.62957014987598,3.36665811311608e-11,1.08584181052806e-09
"ENSG00000107562.16",3923.07524687852,-2.48509639180704,0.375087784544895,-6.6253727639312,3.46372974324082e-11,1.11298166731038e-09
"ENSG00000161638.11",22135.3710666027,-2.85836198509492,0.432092847538558,-6.6151569075437,3.71157850100313e-11,1.18378734301439e-09
"ENSG00000156218.13",877.797470805533,-3.72218238504747,0.563025642913607,-6.6110352732524,3.81641528730776e-11,1.2149745008004e-09
"ENSG00000137094.15",2267.03230216097,-2.83716144893592,0.429205640532057,-6.61026133165186,3.83642167059328e-11,1.21909022938428e-09
"ENSG00000076706.17",10454.2276704501,-2.48856650365303,0.378005626560507,-6.58341127431523,4.59775009714567e-11,1.44501915918138e-09
"ENSG00000008300.17",673.960086304348,2.63542776570574,0.400548996570513,6.57953905332477,4.71908950990597e-11,1.47776142962019e-09
"ENSG00000255642.1",86.7543856796164,-2.46518110181279,0.374723908999411,-6.57865976151702,4.74707631259955e-11,1.48382750148643e-09
"ENSG00000266256.3",42.612912841005,-2.39210188356204,0.363720239999852,-6.57676318360235,4.80799610142138e-11,1.49743430117144e-09
"ENSG00000175785.13",346.905857647242,-3.19333325048945,0.485842122066572,-6.57277972709802,4.93844905532131e-11,1.53528714945486e-09
"ENSG00000008735.14",392.710973894739,3.09085540504272,0.470493771213274,6.56938644920262,5.05230053800392e-11,1.56503187348996e-09
"ENSG00000131711.15",9313.6792220853,-3.16287669390703,0.48202623700641,-6.56162766896229,5.32235778052923e-11,1.6399061350433e-09
"ENSG00000167676.4",4614.52699298291,-3.40972310524921,0.519646416398709,-6.56162151348897,5.32257753869365e-11,1.6399061350433e-09
"ENSG00000285077.2",34.5424756262605,2.74648960971418,0.418984997952205,6.55510250519156,5.56036688947577e-11,1.70402489212529e-09
"ENSG00000146966.13",923.330816613517,-2.38066579183682,0.36335297427698,-6.55193698792201,5.67955084293333e-11,1.73745833335419e-09
"ENSG00000040608.14",227.739435472263,2.45370233923615,0.374647006810979,6.54937126048927,5.77798259902294e-11,1.76131317350393e-09
"ENSG00000162520.15",229.615107412059,-2.84225257757516,0.434599348468077,-6.53993750242342,6.15445466086751e-11,1.86945630730372e-09
"ENSG00000279204.1",30.923627174628,-2.58793688748523,0.396025095247425,-6.53478003930119,6.37030944664077e-11,1.93161689435729e-09
"ENSG00000044524.11",1074.8133024886,-2.68564997775045,0.411204258488348,-6.53118230736065,6.52525120190179e-11,1.97512129086739e-09
"ENSG00000081052.13",514.959816528743,-3.2207573741543,0.493292191284518,-6.52910674658673,6.61630857151222e-11,1.99916986889745e-09
"ENSG00000118523.6",31427.6235283913,-2.87952159230055,0.4410940981802,-6.52813448237111,6.65938926979437e-11,2.00515142296623e-09
"ENSG00000149609.6",14.1956899018755,2.53906420187247,0.389184336463575,6.52406575491794,6.84266876133942e-11,2.05315825917332e-09
"ENSG00000198838.14",322.644988032625,-2.49732087476007,0.382988298077942,-6.52061926511353,7.00177077409097e-11,2.08997396953499e-09
"ENSG00000137124.8",8131.61255884991,-2.80185303522959,0.429772120967387,-6.5193922512303,7.05928275049835e-11,2.10349527356112e-09
"ENSG00000155970.12",251.235898323424,-2.8184452871967,0.4327201535474,-6.51332105540114,7.35071627223196e-11,2.18278252339054e-09
"ENSG00000166592.12",820.963121246811,-2.51505311495887,0.386317634929448,-6.51032437444433,7.49886963253528e-11,2.2229437466636e-09
"ENSG00000165996.14",396.158592820087,-2.74737530073896,0.422064254032964,-6.50937688867721,7.5463171987323e-11,2.2331653112331e-09
"ENSG00000151789.12",178.007600965519,-2.45430382178541,0.377442494187304,-6.50245761826561,7.90182876622191e-11,2.32637943317333e-09
"ENSG00000112208.11",2442.76600219438,-2.66322820139315,0.411367446384186,-6.47408594141866,9.53876012520324e-11,2.76575868074706e-09
"ENSG00000185022.12",6142.77030981254,-2.43178956458134,0.375704050982183,-6.47262002691757,9.63179535016718e-11,2.78804052631814e-09
"ENSG00000204131.9",1043.43853667006,-2.36657914379814,0.365813965045778,-6.46935155551534,9.84243665786872e-11,2.83946878657409e-09
"ENSG00000019991.18",511.665665240546,-2.80315072762913,0.433435984645679,-6.46727735335733,9.97844043087787e-11,2.87389096222424e-09
"ENSG00000159433.12",797.99842259581,-2.43560083407492,0.376648419412039,-6.46651016849342,1.00292081513691e-10,2.88369035043455e-09
"ENSG00000115041.13",235.70998119714,-2.32778774360422,0.36006948012756,-6.46482935121178,1.01413188657359e-10,2.9062218772807e-09
"ENSG00000137033.11",1530.38052094277,-2.70363448333469,0.420285068143468,-6.43285876245257,1.2522600404296e-10,3.54149009463366e-09
"ENSG00000145012.13",25202.8520296855,-2.7071313458882,0.421242378860462,-6.42654082718716,1.30540373170637e-10,3.68573253625883e-09
"ENSG00000081041.9",1016.62594312079,-3.18701997806386,0.497949819780394,-6.40028342508366,1.5508879174963e-10,4.3291641171862e-09
"ENSG00000091129.21",329.090568239912,3.07782503866733,0.481455037060825,6.39275695910621,1.62921113748013e-10,4.53310232969632e-09
"ENSG00000105825.14",507.911278776729,-2.84665091584155,0.44563463884799,-6.38785827600931,1.68225133648753e-10,4.67313141424592e-09
"ENSG00000170381.14",564.877556367106,-3.02709987423471,0.474001314495512,-6.38626894411991,1.69981947094249e-10,4.71433023317915e-09
"ENSG00000107130.10",5835.85929171723,-2.41718447392422,0.378630674575631,-6.384016500072,1.72502491648024e-10,4.77654407339859e-09
"ENSG00000169994.18",76.4465219584985,-2.43565846896369,0.382243978651017,-6.37199957356925,1.86579405725949e-10,5.10072556320321e-09
"ENSG00000173208.4",98.5253836786979,-2.75872749665316,0.433513433457578,-6.36364939063214,1.97015584635655e-10,5.36898641484159e-09
"ENSG00000111341.10",10728.5749893361,-2.65953201134393,0.417976871320676,-6.36286884233723,1.9801977692983e-10,5.37932905057169e-09
"ENSG00000275437.1",30.6203615002732,2.3711700175889,0.372741852360383,6.36142682280914,1.99888134918222e-10,5.42153283101817e-09
"ENSG00000174348.14",3190.07274063753,-2.60426985043028,0.410226813943031,-6.34836573796452,2.17614236730516e-10,5.89303458995231e-09
"ENSG00000248309.7",59.6378008209192,-2.95706873548709,0.465998288812829,-6.34566436503549,2.2146760073091e-10,5.97858383603206e-09
"ENSG00000036672.16",287.912510361817,-2.47032812405736,0.389637091581668,-6.34007433437477,2.29654330666236e-10,6.18988503452987e-09
"ENSG00000143632.14",100.456285227969,-3.45556691429885,0.545183121394933,-6.33836004580857,2.32223647795974e-10,6.24935607185948e-09
"ENSG00000146122.17",793.83627811789,-2.48815021738391,0.392608600030511,-6.33748271736928,2.33549397571027e-10,6.27522819713853e-09
"ENSG00000162772.17",19363.4893945455,-2.79009476569148,0.441054056246883,-6.32597008501313,2.51646568827327e-10,6.69877721006655e-09
"ENSG00000169126.16",81.5885119982758,-3.33351649816575,0.526984555011594,-6.32564363882053,2.52179196998108e-10,6.70259615725064e-09
"ENSG00000196843.17",3147.56513930646,-2.35777016756821,0.373126380114767,-6.31895865106884,2.63331717701241e-10,6.96365680199111e-09
"ENSG00000136011.15",46.870483322787,-3.062481410978,0.484953139847431,-6.31500481044719,2.70153072804556e-10,7.12533900905492e-09
"ENSG00000258498.8",223.909061137679,-2.5251048078376,0.400188100156432,-6.30979483610468,2.79405607966147e-10,7.35668567973588e-09
"ENSG00000182272.12",722.319803849274,3.35563048607366,0.53299138338941,6.29584378031491,3.05732161919671e-10,7.95411635157477e-09
"ENSG00000173546.7",4252.87235453244,-2.682402519022,0.426874333365375,-6.28382244927818,3.30347974377302e-10,8.54291766171213e-09
"ENSG00000105613.10",163.435314435911,3.2257607234565,0.513493314335351,6.28199167039171,3.34262760875396e-10,8.61838314615529e-09
"ENSG00000159200.18",8032.17454917071,-2.65602447924386,0.422969221038631,-6.27947459799038,3.3971909284249e-10,8.7328088597406e-09
"ENSG00000230479.1",30.7250056644906,2.33911569365224,0.372664157634757,6.27673911142476,3.4574750073792e-10,8.87452936692876e-09
"ENSG00000259363.6",44.5295864862153,-2.65030881573967,0.422382202061286,-6.27466972520571,3.50377239349104e-10,8.96663773151504e-09
"ENSG00000121075.11",521.992326286946,-3.81700791654195,0.608437526758278,-6.27345906305083,3.53113801003561e-10,9.01248996570729e-09
"ENSG00000163661.4",320.755490078855,-3.28585208737927,0.52377412997579,-6.27341424352353,3.53215509890984e-10,9.01248996570729e-09
"ENSG00000263155.6",893.474975913993,-2.64352081603443,0.422307219250129,-6.25971021932423,3.85693490886389e-10,9.78320912155564e-09
"ENSG00000183578.8",593.326043112704,-2.6118079944022,0.419224928629118,-6.2300875163672,4.66174681324911e-10,1.15524122826747e-08
"ENSG00000244274.8",64.1657388503526,-2.48645710143531,0.399839951005061,-6.21863096767897,5.01511251180051e-10,1.23924365553429e-08
"ENSG00000172236.18",1160.36514268149,-2.7541355113639,0.443014892910606,-6.2168011853264,5.07391976810215e-10,1.25197879894016e-08
"ENSG00000168356.13",765.946029349552,-4.62178953093058,0.743683655863497,-6.21472516504909,5.14145592711638e-10,1.26501850618179e-08
"ENSG00000172602.11",501.925111774536,-2.58165451332471,0.416277326899654,-6.2017658577572,5.58331029535308e-10,1.36592831273957e-08
"ENSG00000072195.15",3139.09751773375,-3.34011424380321,0.539077688552968,-6.19597938243185,5.79237091689825e-10,1.40730473131367e-08
"ENSG00000197381.16",4147.60037173306,-2.85638954466638,0.461008815460043,-6.19595428303465,5.79329416769083e-10,1.40730473131367e-08
"ENSG00000185483.12",465.891950841518,-2.7486210986965,0.443732950240086,-6.1943137132578,5.85395296941706e-10,1.42003707031366e-08
"ENSG00000197321.15",17910.9158773473,-2.9090654999617,0.471249345552742,-6.17309186190925,6.69672756723022e-10,1.61086227500567e-08
"ENSG00000064300.9",541.247866421338,-2.77957962990286,0.450475616524746,-6.17032205060574,6.81510371563929e-10,1.63249695819827e-08
"ENSG00000115896.16",345.941188489164,-2.42595911800646,0.393315192697584,-6.16797714160958,6.91691401704924e-10,1.65458347382832e-08
"ENSG00000111452.13",1721.68483776005,-3.42361150154143,0.555199833227319,-6.16644908129805,6.9840555994677e-10,1.66832717877437e-08
"ENSG00000213420.8",164.673932836938,3.09733527591503,0.502645340440217,6.16206901112896,7.18005451038093e-10,1.70803976287694e-08
"ENSG00000170345.10",86814.1607502641,-2.60644539672619,0.423288345550722,-6.15761200166062,7.3850013531107e-10,1.75437073523622e-08
"ENSG00000153179.13",4372.37273445445,-2.4954053093634,0.40541600547011,-6.15517215821263,7.49959826828114e-10,1.77669299827519e-08
"ENSG00000113070.8",6386.77409197732,-3.04717051376964,0.495176653827987,-6.15370391599309,7.56939415159193e-10,1.78830830552631e-08
"ENSG00000172061.9",412.668077557207,3.15920290079162,0.513772678382405,6.14902861463607,7.79589151089418e-10,1.83678029400999e-08
"ENSG00000124440.16",842.2160465208,-3.63595804593151,0.591639467162823,-6.14556372205451,7.96800163368681e-10,1.87476628602442e-08
"ENSG00000170624.13",1285.55443209203,-2.99666705032431,0.488122596677698,-6.13916887011683,8.29543467607807e-10,1.9437696667901e-08
"ENSG00000179820.16",8316.04196068033,-2.40807042792614,0.392819071553886,-6.13022788939565,8.77532845105712e-10,2.03415184269928e-08
"ENSG00000132854.19",203.172232274705,3.53673070194822,0.578195809766962,6.11683904000217,9.54496881668754e-10,2.1977673520028e-08
"ENSG00000175294.6",58.5548645732802,2.74829505840238,0.449344407279899,6.11623292484968,9.5813251577047e-10,2.20319310001533e-08
"ENSG00000135298.14",176.423501922462,-3.13202920557282,0.512482549983414,-6.11148458747364,9.8708536869914e-10,2.2667428406807e-08
"ENSG00000107984.10",2872.90683939546,-3.70226573244894,0.605958450747471,-6.10976829827534,9.97758886477123e-10,2.28820257014587e-08
"ENSG00000134533.6",761.877234395362,-2.60818175261667,0.427152332733836,-6.10597567365239,1.02174570466433e-09,2.3369888806685e-08
"ENSG00000138166.6",10222.0706226882,-2.6339710310985,0.431610094507111,-6.10266317822439,1.04315521105874e-09,2.38279339523403e-08
"ENSG00000112210.12",2019.71676023651,-2.87815918261844,0.472601718173712,-6.09003114449222,1.12888724219426e-09,2.5549047269792e-08
"ENSG00000214575.9",163.706074863504,-2.71182417372545,0.446526356760769,-6.07315589027668,1.25420591557567e-09,2.80899720207538e-08
"ENSG00000124635.9",103.217704229484,2.63466657849889,0.434007147623984,6.0705603419728,1.27464710281864e-09,2.85107104569421e-08
"ENSG00000266010.2",47.2154144276978,-2.44890604544044,0.403543915917412,-6.06849948381237,1.29110831149335e-09,2.88040912549871e-08
"ENSG00000179388.9",2866.84581599202,-2.87017652889615,0.473246419436228,-6.06486686643155,1.32063000089087e-09,2.92354890814183e-08
"ENSG00000111696.12",2059.4529004469,-2.88023670325071,0.475062267317466,-6.06286144238427,1.33720858535839e-09,2.95294685678164e-08
"ENSG00000127241.18",344.908017937916,-2.91588354691716,0.48134248473876,-6.05781463171635,1.37983270712332e-09,3.03123197892665e-08
"ENSG00000051341.14",473.764682741821,2.6282040868756,0.434206036299852,6.05289624546037,1.42264503821025e-09,3.1173302154065e-08
"ENSG00000143847.15",128.203368887092,2.61186500894103,0.43174734542684,6.04952187108144,1.45276342333199e-09,3.17421031154772e-08
"ENSG00000139292.13",111.456417463705,3.83790706085164,0.635116585832125,6.0428386637443,1.51426056857933e-09,3.30127971805592e-08
"ENSG00000169031.20",86.141314518164,-2.55323661426003,0.422546925819079,-6.04249246237148,1.51751441053157e-09,3.30281538361606e-08
"ENSG00000189129.14",816.901120319285,-2.74484982455029,0.454282983308769,-6.04215857824607,1.52065894081776e-09,3.30281538361606e-08
"ENSG00000267060.7",89.195884536868,-2.84499082234025,0.47087302557273,-6.04194903473148,1.52263567008718e-09,3.30281538361606e-08
"ENSG00000135119.15",183.944784099975,2.38144594955804,0.394713057536797,6.03335994106562,1.60585176871082e-09,3.46449978854826e-08
"ENSG00000166025.18",5516.77071110591,-2.35046341007369,0.389584851589592,-6.03325155093501,1.60692972524305e-09,3.46449978854826e-08
"ENSG00000280079.1",144.612809493525,3.02142216226062,0.501313768663836,6.02700813567057,1.67022598915896e-09,3.5868207245991e-08
"ENSG00000007908.16",1889.66715553392,-3.37725188427708,0.560619695850605,-6.02414062380187,1.70010505174504e-09,3.64190414256278e-08
"ENSG00000157193.18",608.523500122756,2.63153486102278,0.437159849473149,6.01961699866587,1.74830249791077e-09,3.7220041930182e-08
"ENSG00000107954.10",499.69252592177,-3.44882449988154,0.573212862787211,-6.01665580760322,1.78057114374533e-09,3.77669665132091e-08
"ENSG00000271474.1",51.7563512906607,-2.82589063014316,0.470925939630617,-6.00071134828488,1.96454957387449e-09,4.12627284278541e-08
"ENSG00000123485.12",719.991999223134,2.61983728436874,0.43677911041503,5.99808283385932,1.99660673707408e-09,4.18340119618333e-08
"ENSG00000161682.15",195.438435770777,2.70495466117845,0.451248922320808,5.99437367576783,2.0427118014945e-09,4.2748025950352e-08
"ENSG00000165891.16",364.143392384439,2.47369164493443,0.4128867676531,5.99121075978094,2.08284501014526e-09,4.35349995263736e-08
"ENSG00000173376.14",394.461644558724,-3.06163627945711,0.51123643017511,-5.9886895744273,2.11538472664019e-09,4.41080764490605e-08
"ENSG00000237686.7",36.4913436033521,2.60285182603354,0.434929823124976,5.98453287781467,2.17011753160765e-09,4.50855660396605e-08
"ENSG00000204516.10",353.767873606085,2.38031855110584,0.398893411326922,5.96730475739795,2.41204641654178e-09,4.96921954929415e-08
"ENSG00000123119.12",473.569444231441,-3.10998607656348,0.521597221445474,-5.96242838093528,2.48516587838739e-09,5.10763865435155e-08
"ENSG00000187068.3",1136.93315470622,-2.94313214733718,0.493675370449989,-5.96167506727039,2.49665236579441e-09,5.11902901143774e-08
"ENSG00000197614.11",1974.11623621326,-3.1790443073158,0.533232423133911,-5.96183609509703,2.49419268489945e-09,5.11902901143774e-08
"ENSG00000234814.8",99.0299002759315,-2.68365728455576,0.451432146421775,-5.94476336217406,2.76856514627352e-09,5.61637190980788e-08
"ENSG00000075461.6",549.318588587475,3.89009499456255,0.655658358963816,5.93311278866382,2.97244502198287e-09,6.0016905760388e-08
"ENSG00000276043.5",831.910573742738,2.60383943518153,0.439256473801109,5.92783394322954,3.06956667941649e-09,6.16886195094401e-08
"ENSG00000203650.9",51.1747878182966,2.85260244995238,0.481716892443659,5.92174053826858,3.18551937969109e-09,6.3795581716767e-08
"ENSG00000117154.12",144.337234503958,-2.42021806539554,0.408823529583368,-5.91995785531715,3.22024128948574e-09,6.4341317550827e-08
"ENSG00000138741.11",148.961248995092,-2.62969415051591,0.445273354677103,-5.90579724318531,3.50945389699061e-09,6.9475085595252e-08
"ENSG00000142945.13",1225.65374123267,2.37208281325378,0.401968074952953,5.90117216032993,3.60928034211353e-09,7.11242967187887e-08
"ENSG00000164694.17",635.129794127562,2.83926929058474,0.481167714996834,5.9007892717894,3.61766728967974e-09,7.12080956916047e-08
"ENSG00000146410.12",250.120307896547,2.43666929113657,0.413298369873513,5.89566634845983,3.73172345686778e-09,7.32021333686034e-08
"ENSG00000183023.18",1606.790696182,-2.4307494949483,0.413259172479965,-5.8819008913012,4.0558119007241e-09,7.85750825266267e-08
"ENSG00000047648.23",782.973793457008,-2.56393599370386,0.43722217896739,-5.86414897743577,4.51442026195298e-09,8.66798887086022e-08
"ENSG00000151623.15",933.290138544295,-2.84571367593295,0.485353532268739,-5.86317701785528,4.5409366474912e-09,8.68983909774899e-08
"ENSG00000287725.1",54.6916800428617,-2.51295765781045,0.431567002501284,-5.82286792837684,5.78462676780928e-09,1.08764876443209e-07
"ENSG00000110076.19",309.588437908341,-2.41288203389616,0.414579977765151,-5.8200640728072,5.88250728464987e-09,1.10244203442355e-07
"ENSG00000196787.3",97.7974239755378,2.78392426971453,0.479024489009755,5.81165333628244,6.18588361339443e-09,1.15302460469147e-07
"ENSG00000077935.17",102.58297869264,3.23643931509945,0.557265956615525,5.80771044180682,6.33329230826249e-09,1.17867763887375e-07
"ENSG00000165757.9",3566.08041812379,-2.41487321484012,0.415825019961606,-5.80742643880132,6.3440409408115e-09,1.17867763887375e-07
"ENSG00000146250.7",57.3698032167386,-2.5823370093013,0.445341416596027,-5.79855569921932,6.68884872458807e-09,1.24006503319247e-07
"ENSG00000049540.18",4881.57631128976,-2.37688267911736,0.410397050964111,-5.79166607930918,6.96915973403267e-09,1.28925712244087e-07
"ENSG00000273032.3",72.3011429347264,3.08562417603999,0.532976039631531,5.78942381382325,7.06282829856697e-09,1.30378447788016e-07
"ENSG00000115353.11",164.910682994483,-2.33757128878854,0.404527437173563,-5.77852346708835,7.53590342875181e-09,1.38369791847966e-07
"ENSG00000164850.15",197.054621231915,-2.33716940193927,0.404497787992034,-5.77795348039159,7.561470691535e-09,1.38691384153682e-07
"ENSG00000115380.20",4570.5882518585,-2.33681072370938,0.404673354841321,-5.77456038494474,7.7154257220352e-09,1.41214428491618e-07
"ENSG00000198756.12",189.011568465123,-2.40228627255983,0.416259342516588,-5.77112878244671,7.87422649306827e-09,1.43815273478383e-07
"ENSG00000224389.9",529.256772458828,-2.60984251274711,0.453707818828048,-5.75225377311873,8.80614742677514e-09,1.58648825451201e-07
"ENSG00000169504.15",16639.3028739494,-2.35599160714821,0.410724809923273,-5.73618040650705,9.68355142987997e-09,1.72649902978077e-07
"ENSG00000221955.11",745.230058158089,2.3808205296672,0.415680692372757,5.72752252715223,1.01907908732424e-08,1.80944320834902e-07
"ENSG00000134690.11",957.69455578508,2.42205319816142,0.422950057727703,5.72657020352211,1.02481364260742e-08,1.8158812105584e-07
"ENSG00000107317.13",154.014210978307,-2.685273204366,0.469383277678241,-5.72085400581045,1.05989943775634e-08,1.87035328037679e-07
"ENSG00000171303.7",593.41331546862,-3.10220015184779,0.542657109301939,-5.71668572782247,1.08621738066362e-08,1.91483336204396e-07
"ENSG00000143228.13",655.944472055007,2.58191589069531,0.452217888466577,5.70945103355004,1.13341159616698e-08,1.98914904297033e-07
"ENSG00000249669.10",2231.4233048961,-3.0846791203362,0.540896668915379,-5.70289908888084,1.17786719129305e-08,2.05744489205275e-07
"ENSG00000254510.2",200.73450665987,-3.23903534028428,0.569071096234634,-5.69179380523096,1.25711611059162e-08,2.18479422529964e-07
"ENSG00000112425.16",760.217266562049,-2.38474374690397,0.419380890324182,-5.68634337406398,1.29788308182863e-08,2.24657691641553e-07
"ENSG00000023909.10",3450.29650643777,2.35481169763037,0.415113006028367,5.67270035733222,1.40563971362342e-08,2.42578484847055e-07
"ENSG00000152931.9",370.908276715985,-3.24869696775996,0.573515523279104,-5.6645318843078,1.47426448535026e-08,2.53153112972957e-07
"ENSG00000117600.12",649.5991662456,-3.10262144287423,0.548820040013675,-5.65325829355087,1.57434447328023e-08,2.69264497152984e-07
"ENSG00000128965.13",186.821416734832,2.33294115057931,0.412960283714013,5.64931118701707,1.61092012090673e-08,2.74974006366468e-07
"ENSG00000162746.14",462.026035887965,2.91806286491486,0.516662825472382,5.64790559925981,1.62414313884155e-08,2.76956606735328e-07
"ENSG00000163751.4",1053.3507463552,-2.4954339471794,0.442521883181686,-5.63911987637198,1.70921519359201e-08,2.89742256685386e-07
"ENSG00000179761.12",112.743585166383,-2.42373754844448,0.430600923714368,-5.62873281259429,1.81538350933703e-08,3.07135070543337e-07
"ENSG00000272695.2",125.481704545406,-2.89487188509113,0.515183042265186,-5.61911330070726,1.91939961304069e-08,3.22200970130602e-07
"ENSG00000244731.8",501.979502598985,-2.82257539339026,0.502773268540998,-5.61401245850066,1.97687971760427e-08,3.31204274088506e-07
"ENSG00000206077.13",243.817997019558,-2.54958925148483,0.454790668390412,-5.60607204300891,2.06969840749615e-08,3.45411004576611e-07
"ENSG00000073792.16",913.45800631214,2.47604620140046,0.441990857148421,5.60203036183845,2.11855434335859e-08,3.52281452112876e-07
"ENSG00000090889.12",915.301529700635,2.35378784050894,0.420410321912204,5.5987869893463,2.1585682762065e-08,3.58160129297731e-07
"ENSG00000173894.11",1215.6399976267,2.90835885860784,0.519578644633489,5.59753347957441,2.17422874783012e-08,3.60411373665815e-07
"ENSG00000188257.12",5791.3462176689,-3.44198853146077,0.615614086161446,-5.59114648094342,2.25575176828605e-08,3.71067934146997e-07
"ENSG00000166292.12",277.16811966338,-2.81931009482487,0.505992442505525,-5.57184230037999,2.52059535030841e-08,4.10323381080923e-07
"ENSG00000152049.6",873.551940485344,-2.41903078968156,0.434316370950241,-5.56974351298101,2.55114605792609e-08,4.14112614403189e-07
"ENSG00000205364.4",271.837208306346,-3.11007909477359,0.559778782821339,-5.55590742310469,2.76173224913498e-08,4.44535649783661e-07
"ENSG00000186193.9",542.548611224465,2.53510698701914,0.4563127508327,5.55563477547573,2.76604690762264e-08,4.44814434080156e-07
"ENSG00000115163.15",310.951777828993,2.59127294687117,0.4668638169919,5.55038290087948,2.85044587617276e-08,4.57106418299101e-07
"ENSG00000173068.18",1013.96461378305,-2.41373460565745,0.435722961397364,-5.53960846570171,3.03148640530765e-08,4.84334789968587e-07
"ENSG00000230615.7",225.131111585443,-2.98387707284717,0.538696808737442,-5.53906580556985,3.04089374065654e-08,4.85387515248633e-07
"ENSG00000167483.19",131.445121946246,-3.37739036558965,0.609765215572803,-5.53883737434415,3.04486219626036e-08,4.85570940798076e-07
"ENSG00000147166.11",247.598080351372,-2.62857132260602,0.475268043785377,-5.53071336686176,3.18931101440104e-08,5.06262706000268e-07
"ENSG00000140285.12",1641.20343567538,-2.53994981265764,0.459600113688037,-5.52643425667576,3.26804641248073e-08,5.16381315249134e-07
"ENSG00000131016.17",7242.34389225912,-2.32970234882069,0.421686435052582,-5.52472679973731,3.2999870143052e-08,5.19997038859821e-07
"ENSG00000141449.15",65.4201932423838,2.9393968795584,0.53223988786284,5.52269182860622,3.33844990207034e-08,5.25576989610214e-07
"ENSG00000075218.19",537.318272351263,2.37005172763428,0.429672462050546,5.51594979190328,3.46901293872079e-08,5.43152816759893e-07
"ENSG00000018236.15",3106.10565375589,-3.00072217157838,0.545714863389049,-5.4986997292744,3.82602007843086e-08,5.9526236504801e-07
"ENSG00000188322.8",936.735029142653,3.27529046619865,0.59732727324241,5.4832427932174,4.17599262233855e-08,6.43895442565236e-07
"ENSG00000172346.15",470.928068490269,-2.43743207536748,0.445043281838229,-5.47684275852854,4.3298164444168e-08,6.66420273656752e-07
"ENSG00000102678.7",118.970033717008,-3.04933400725925,0.556811628269411,-5.47641940728982,4.34018307972705e-08,6.67419403411956e-07
"ENSG00000170500.13",810.127244539281,-3.24204189911145,0.592589228283977,-5.47097676496715,4.47561978778317e-08,6.87019604322546e-07
"ENSG00000133083.15",686.797980319654,-2.46675148375194,0.451214158832069,-5.46691950034752,4.57923885802876e-08,7.01674651706667e-07
"ENSG00000055118.16",1090.54333477975,-3.20517906529261,0.586584897479747,-5.46413499403686,4.65169455249252e-08,7.12143424689588e-07
"ENSG00000172915.18",1129.08565516721,-2.42946459733691,0.444728561625353,-5.46280317247431,4.68674161890348e-08,7.16235589195871e-07
"ENSG00000134531.10",29949.670324065,-2.59929520685215,0.476057553804318,-5.46004403476094,4.76016503127888e-08,7.25524976404567e-07
"ENSG00000158859.10",6337.57267883146,-2.96403107869634,0.543391440352508,-5.45468856994419,4.9058749532252e-08,7.45753612704303e-07
"ENSG00000258947.7",37.9107650789534,2.94685900009424,0.541297845065907,5.44406194658957,5.20790954194116e-08,7.8611591622132e-07
"ENSG00000116194.13",747.875745122898,-3.40338552376432,0.626141181885533,-5.43549222160332,5.46453692415237e-08,8.23337936242838e-07
"ENSG00000178150.10",49.8642058315711,2.87639377892395,0.530094841641466,5.42618707629195,5.75706189922236e-08,8.64462747082012e-07
"ENSG00000171658.8",163.06804869775,4.24129325823329,0.782348659674646,5.42123157723197,5.91898230915006e-08,8.852320049053e-07
"ENSG00000101333.17",1330.52144784106,-2.67758958041876,0.494375036236118,-5.41611000588613,6.0909634992163e-08,9.06695456758879e-07
"ENSG00000137801.11",54491.7644653292,-2.62227917175925,0.484201265148886,-5.41568013241959,6.10561679871666e-08,9.08091866358351e-07
"ENSG00000105088.8",608.158480329209,2.34437968423141,0.433449703570977,5.40865448728475,6.34999991110052e-08,9.38764364539779e-07
"ENSG00000087258.16",1164.71462541581,-3.08008224639756,0.570287821194465,-5.40092586923274,6.62978205359747e-08,9.74313600934338e-07
"ENSG00000274736.5",35.7858253564892,-2.34519258790954,0.434277215340228,-5.40022019362041,6.65591497359487e-08,9.76446538247226e-07
"ENSG00000254726.3",1339.9673619427,2.75225463452267,0.511055739127572,5.3854294625887,7.22718742530229e-08,1.04775967193587e-06
"ENSG00000153531.13",429.011068469141,-2.44312669214816,0.454830080714539,-5.37151520037989,7.80777853216443e-08,1.1243592780892e-06
"ENSG00000198768.11",233.168827791583,-2.73447419349411,0.509547739014888,-5.36647301934983,8.02912046747021e-08,1.14993038183419e-06
"ENSG00000151572.18",60.3296176385888,-2.54932344118828,0.475074600249085,-5.36615394687833,8.04332970510947e-08,1.15058361720183e-06
"ENSG00000114270.17",6940.83035427767,2.35888119959026,0.439760409093402,5.36401447427535,8.13923773866669e-08,1.16140920938738e-06
"ENSG00000153976.3",76.1142692902364,2.45524789284007,0.460062666707745,5.33676838072968,9.46177809911226e-08,1.32920231811591e-06
"ENSG00000144857.14",1611.50836115835,-2.37713224965273,0.445714876037224,-5.33330247082489,9.64424646797652e-08,1.35262912799641e-06
"ENSG00000198626.17",676.362625611832,-3.26260712169173,0.614435299181567,-5.30992787367123,1.09668627168524e-07,1.52201673305679e-06
"ENSG00000165379.13",409.773505926809,-2.83025343336422,0.534129447048816,-5.29881557551638,1.16556288246746e-07,1.60083648522625e-06
"ENSG00000170312.16",1707.00040801132,2.38380193614266,0.450245686592806,5.29444702553814,1.19377087569493e-07,1.63177109461061e-06
"ENSG00000069011.16",4527.1740546636,-2.48195358970295,0.468837239243077,-5.29384908440717,1.19768284111971e-07,1.6358201088505e-06
"ENSG00000166405.15",237.211949728578,-2.32390787093864,0.439786741379765,-5.28416992210298,1.26276003643959e-07,1.71789226758286e-06
"ENSG00000221818.9",132.955290578523,-2.34995985735887,0.445029559955446,-5.28045790395167,1.28861429454156e-07,1.74892072457756e-06
"ENSG00000135097.7",187.355130597743,3.18962259459307,0.604769943326207,5.27410898936263,1.33402613944499e-07,1.80062164574146e-06
"ENSG00000119915.5",33.1683047238967,2.49972622261561,0.474396226423984,5.26927931416875,1.36960422731714e-07,1.84142807237183e-06
"ENSG00000165323.15",360.745403889193,-2.85358285061868,0.544458408761156,-5.24114019491706,1.59587405997527e-07,2.10710975240487e-06
"ENSG00000278828.1",167.030194575052,2.66128014638594,0.508588591431575,5.23267763221933,1.67071968887917e-07,2.19153124155109e-06
"ENSG00000128573.26",900.401769261789,-2.62546886223775,0.504372583853266,-5.20541549300697,1.93563019747153e-07,2.50845439360813e-06
"ENSG00000012223.13",739.184442671865,-3.64728945921113,0.700823443067241,-5.20429145927013,1.94738168209778e-07,2.51422449106222e-06
"ENSG00000170011.14",125.798026247216,-2.36103730468011,0.454745939022019,-5.19199205991323,2.08055878663941e-07,2.66024231494362e-06
"ENSG00000226674.11",92.9640082738504,3.16510367976661,0.609939100704245,5.18921262157506,2.11185149746896e-07,2.69425321043762e-06
"ENSG00000230061.2",142.790486522036,3.13703848260046,0.60642865810589,5.17297202345061,2.30399521768455e-07,2.92206992887931e-06
"ENSG00000101670.12",1002.0709541196,2.94681256401189,0.570451486885038,5.16575490074191,2.3947042718333e-07,3.01932589119948e-06
"ENSG00000151790.9",241.656412467978,2.97400414549613,0.577537177555527,5.14945922283971,2.6123855904965e-07,3.27460822599136e-06
"ENSG00000100473.18",194.871962852068,2.5094135861485,0.487591603902929,5.1465479841365,2.65323618665528e-07,3.32339540674646e-06
"ENSG00000138829.12",729.259929373126,2.86166717127919,0.557201182164702,5.13578804725744,2.80964174747007e-07,3.49894864907281e-06
"ENSG00000112742.10",662.275652587617,2.43850372321848,0.475225003359922,5.13126141507253,2.87806865122381e-07,3.57125190057836e-06
"ENSG00000012124.17",344.666245539847,-2.71156456419993,0.528609981884279,-5.12961286605734,2.90338651071161e-07,3.59489761854681e-06
"ENSG00000104879.5",100.156024478282,-2.9744868287579,0.580140481039482,-5.12718371837849,2.94108486510171e-07,3.63701622876693e-06
"ENSG00000158560.14",959.01787010381,-2.7284423437264,0.532350736510503,-5.12527203702396,2.97108449862111e-07,3.66554357591342e-06
"ENSG00000147889.18",898.060597112872,3.52192542311266,0.691377048581302,5.09407338635208,3.50451009585305e-07,4.24161471404617e-06
"ENSG00000105255.11",199.60304721932,3.41729284804277,0.671898055762979,5.0860287788186,3.65638595130252e-07,4.3884275428072e-06
"ENSG00000165304.8",891.914803023709,2.46597654842165,0.488143092224703,5.05174934911607,4.3778194912753e-07,5.1361842709969e-06
"ENSG00000113805.8",247.212580432044,-2.34391401258027,0.464188632632753,-5.04948602314153,4.43000346470915e-07,5.17976576189312e-06
"ENSG00000007312.13",327.257008801605,-2.93276055046241,0.582070373639044,-5.03849823540595,4.6919874557199e-07,5.44542452492344e-06
"ENSG00000184661.14",354.799572523287,2.32719889647217,0.463149305878854,5.02472716018901,5.04148749037693e-07,5.80994965927901e-06
"ENSG00000130208.9",551.303809128348,2.61314500930346,0.520738834122226,5.01814890319877,5.21717340429111e-07,5.99035850280705e-06
"ENSG00000089225.20",366.816491937803,-2.40683282168963,0.480793051513155,-5.00596423786665,5.55830768797325e-07,6.33558790932914e-06
"ENSG00000183671.12",119.625585683167,-2.59962643453262,0.519304772609566,-5.00597447134791,5.55801235467877e-07,6.33558790932914e-06
"ENSG00000206195.11",177.259665545404,2.96042802336764,0.591771628572743,5.00265284854516,5.65467153701955e-07,6.43265573857911e-06
"ENSG00000153956.16",1313.53717791132,-2.41958611041198,0.483721045891079,-5.00202778226194,5.67304124113433e-07,6.44929302284202e-06
"ENSG00000164107.9",611.942705401186,-2.78435688628062,0.556747421502586,-5.00111321353948,5.7000226682898e-07,6.47569197994428e-06
"ENSG00000144648.16",446.852571876265,3.04317053966503,0.608552387265508,5.00067143494304,5.71310020546277e-07,6.48120496076981e-06
"ENSG00000135451.13",608.708933536454,2.38356524086498,0.476932903154258,4.99769511623324,5.80196212036036e-07,6.56120772153424e-06
"ENSG00000066279.18",1045.2111618162,2.46571582991184,0.493689682168253,4.99446498270448,5.8999094871891e-07,6.65449516030503e-06
"ENSG00000111796.4",163.710887371141,-2.49924944527607,0.500925478792495,-4.98926397455493,6.06097774749743e-07,6.79799440411159e-06
"ENSG00000058866.15",492.992371557534,-2.50182609240728,0.503689967142573,-4.96699608014848,6.79979620555913e-07,7.49762420283898e-06
"ENSG00000116690.13",54.443181177554,-2.51619191071243,0.506600309673902,-4.96681873789636,6.80601481263447e-07,7.49967966206036e-06
"ENSG00000189320.9",144.938404448359,-2.34316577422025,0.47181486500468,-4.96628221791404,6.82486157771641e-07,7.51083648262043e-06
"ENSG00000159307.19",269.51711467709,-2.36822575418034,0.477124602548522,-4.96353728466455,6.92207454020353e-07,7.59355986025003e-06
"ENSG00000105464.3",343.72892653096,2.62922803361243,0.532828307840545,4.93447513002492,8.03665847359406e-07,8.69443271926574e-06
"ENSG00000118193.12",498.57103915477,2.33487477172772,0.473488944695852,4.93121285699192,8.17206261068166e-07,8.8353693875562e-06
"ENSG00000107159.13",678.919669759621,3.35590655487893,0.683310715055358,4.91124532505985,9.04997749658905e-07,9.66921603125019e-06
"ENSG00000126950.8",620.921345292608,-3.00700437429643,0.612889276572661,-4.90627669505315,9.28215562643262e-07,9.87895028957277e-06
"ENSG00000053438.11",467.157795507614,-2.75859165351373,0.563508626754644,-4.89538495515321,9.81134765992776e-07,1.03732867247965e-05
"ENSG00000135312.7",70.2070708633393,-2.79406606226472,0.574649854241212,-4.86220616196641,1.16084625051834e-06,1.2015177267234e-05
"ENSG00000142661.19",57.2771227849338,2.54732588158151,0.524846746261715,4.85346608267109,1.21322099497314e-06,1.24971921031234e-05
"ENSG00000126787.13",918.460912635501,2.34414178727851,0.485068085239008,4.83260362537246,1.34758926711162e-06,1.37334496730552e-05
"ENSG00000109321.11",3395.24099242116,-3.00283219827737,0.622591805711837,-4.82311551602272,1.41333062555877e-06,1.4293478193775e-05
"ENSG00000123388.4",67.4921679523514,2.41744900551014,0.502590658456073,4.80997600101918,1.50948418309949e-06,1.51945330716087e-05
"ENSG00000175592.9",4572.59633278551,-2.46362637287797,0.512207040436248,-4.80982528233054,1.51062279167151e-06,1.51971123486907e-05
"ENSG00000131094.4",139.976940988595,-2.37478528602019,0.494116325717578,-4.80612593111838,1.5388299152534e-06,1.54268146859193e-05
"ENSG00000135333.14",1104.3708973745,-2.83034859231826,0.589447552688686,-4.80169707959258,1.57326564477852e-06,1.57262647707606e-05
"ENSG00000178882.15",81.6377903482315,2.32521779650866,0.484459065903467,4.799616644953,1.58969626794273e-06,1.58720804769725e-05
"ENSG00000169174.11",444.165518459873,3.29944996757463,0.689757210721541,4.78349470841073,1.72273428971801e-06,1.70166853045071e-05
"ENSG00000131386.19",746.257495131449,-2.34587650495966,0.490651853896338,-4.78114264998841,1.74301619536418e-06,1.7154267390147e-05
"ENSG00000080709.16",132.750023515415,-2.66671860832267,0.558852718125627,-4.77177353143554,1.82610766669716e-06,1.79004281977947e-05
"ENSG00000131015.5",196.945912219001,2.33923520609618,0.495817300805721,4.71793784181157,2.38247256894798e-06,2.2570585838829e-05
"ENSG00000158050.5",5894.34637086568,-2.90023205062827,0.616165021703535,-4.70690796859888,2.51502380021958e-06,2.37219358768795e-05
"ENSG00000152137.8",14426.6402218398,-2.63119480257955,0.560187891353748,-4.69698621335962,2.64028265140334e-06,2.4781246923771e-05
"ENSG00000259341.2",33.1477993414329,2.7071626421057,0.577204289901242,4.69012910934686,2.73032713783045e-06,2.55290034174016e-05
"ENSG00000251301.7",56.0658906232926,-2.46444648742877,0.527473953564084,-4.67216716726347,2.98038230550891e-06,2.75677360084747e-05
"ENSG00000158458.21",153.279388801528,-2.39011772767849,0.515659229863761,-4.6350721353518,3.56813030571578e-06,3.23953127334438e-05
"ENSG00000073737.17",859.144164254597,3.01223726042684,0.651163354571582,4.62593178697636,3.72918027044161e-06,3.37330209022142e-05
"ENSG00000162931.12",200.89289732131,2.40912857085316,0.524077350560529,4.59689503520132,4.28833515245064e-06,3.80123501444454e-05
"ENSG00000196335.13",88.9570373301892,2.41103524368258,0.524591105323486,4.59602768559302,4.30621507026171e-06,3.81315897969755e-05
"ENSG00000205038.12",70.710124411448,-2.32308230879769,0.505566407675181,-4.59500922832325,4.32730117188119e-06,3.8278946113667e-05
"ENSG00000054938.16",818.99211424611,-2.67269885650989,0.586465587764177,-4.55729869283413,5.18157125593931e-06,4.45320367969275e-05
"ENSG00000172724.12",892.729233314198,-2.96570578847488,0.655223698029789,-4.52624927546508,6.00397550258355e-06,5.06071977267564e-05
"ENSG00000197506.8",258.72533642555,2.92932178167764,0.647940490496429,4.52097349161386,6.15558969228637e-06,5.16403902923761e-05
"ENSG00000137077.8",905.48073327567,-2.58354020910667,0.574065471919743,-4.50042780045107,6.78168370168514e-06,5.62354060636125e-05
"ENSG00000095713.14",4075.16613638858,-3.77207460744662,0.841681911084779,-4.48159162953269,7.40884103887728e-06,6.06475614128248e-05
"ENSG00000139910.20",309.492683532773,-2.39363382110559,0.534320421876412,-4.47977229225057,7.47227115225055e-06,6.1120338061889e-05
"ENSG00000170439.7",150.894679385944,2.59504257510358,0.584518666158883,4.43962310418022,9.01165557163842e-06,7.21405876553202e-05
"ENSG00000114200.10",666.758382593235,-2.95012677452911,0.664631575936011,-4.4387400197988,9.04870373661627e-06,7.23854270579387e-05
"ENSG00000035720.8",60.3570241359638,-2.37759027185385,0.537330477271306,-4.42481931032059,9.65230380126908e-06,7.64680903262453e-05
"ENSG00000164161.10",422.647256073115,-2.62076795541062,0.593897997270386,-4.41282504311503,1.0203044633642e-05,8.00720945288234e-05
"ENSG00000100167.20",271.044046287465,2.5731736294601,0.583511882673257,4.40980502003071,1.03463733261564e-05,8.09611939102191e-05
"ENSG00000162409.11",577.023874308862,-2.36087482753825,0.53668797981862,-4.39897094087357,1.08765387551989e-05,8.43433709954031e-05
"ENSG00000269404.7",133.203728521839,-2.65689746286851,0.605650533839525,-4.38684903986643,1.15004548869649e-05,8.83460464367494e-05
"ENSG00000180818.5",110.667218826861,2.64459480446446,0.603113378031911,4.38490489647957,1.16036462490952e-05,8.90198660793612e-05
"ENSG00000144868.14",426.632773261618,-2.49728545623313,0.57013994860846,-4.38012712901148,1.18610090076202e-05,9.04703977583007e-05
"ENSG00000205488.9",341.390220176825,2.9415340598851,0.672219458323552,4.37585378325851,1.20958080196951e-05,9.20981881181291e-05
"ENSG00000078549.15",102.771386665645,-2.40905079448834,0.552635383898504,-4.35920475720168,1.30535933889971e-05,9.84765829779667e-05
"ENSG00000180871.8",357.295357718824,-2.51782324384919,0.578740751816476,-4.35052004882424,1.35815035971137e-05,0.000101967845010065
"ENSG00000154928.18",354.444203178382,-2.63190058885327,0.614105943154746,-4.28574355645028,1.8212898715075e-05,0.000131632712786294
"ENSG00000186868.16",737.23564292631,-2.4306015137034,0.571539552157287,-4.25272670024157,2.11183250541431e-05,0.000149004880134169
"ENSG00000101282.9",105.441910749687,2.77787739943143,0.655484216367792,4.23790127979643,2.25618928457795e-05,0.000157832445362657
"ENSG00000091513.16",72.5052542511811,-2.32885822996652,0.553021953896992,-4.21114969045208,2.54074312622426e-05,0.000175598791584913
"ENSG00000152580.8",607.494207697392,-2.5960149671779,0.621107580214629,-4.17965429802164,2.9195257402937e-05,0.000198904239814392
"ENSG00000131771.14",1103.42549818871,-2.41015602647653,0.577333543465886,-4.17463363034084,2.98465985636408e-05,0.000202860286922488
"ENSG00000213366.13",1503.04217287432,2.41984841461211,0.582478594823561,4.1543988673869,3.26143825462331e-05,0.000218567124744658
"ENSG00000169760.17",259.757363851616,-2.51719098605855,0.612753339360537,-4.10800043731375,3.99099348868507e-05,0.000259874785843565
"ENSG00000173805.16",111.101588807865,2.35800660457939,0.576893238548346,4.08742284883233,4.36191663555079e-05,0.000280213689720594
"ENSG00000128218.8",87.1976110097691,-2.48990088502562,0.61125903818731,-4.07339724973135,4.6332297245041e-05,0.000295329813268446
"ENSG00000203799.13",188.169391706614,2.37163249893932,0.584520172412748,4.05740060116289,4.96219252827398e-05,0.000313283877985567
"ENSG00000255571.9",162.167303363415,2.35184824045046,0.579995076044113,4.05494518417529,5.01460608771277e-05,0.000316013760148836
"ENSG00000162631.19",296.700946130602,-2.52557068188333,0.638669729130503,-3.9544236507368,7.67193651172347e-05,0.000455319650383919
"ENSG00000138615.6",4287.17354157187,-2.88756249582525,0.730814757113436,-3.95115515624029,7.77748791490515e-05,0.000460156902639682
"ENSG00000130487.9",1517.5593037323,2.57758827095405,0.653124960956619,3.94654687087553,7.92864063410792e-05,0.000467814243375268
"ENSG00000047457.14",2330.56225336328,2.77565468672668,0.709148456403199,3.91406716275574,9.07543743128133e-05,0.000526993455424674
"ENSG00000185046.18",155.208416942934,-2.48594883730616,0.644360503520764,-3.85800933440678,0.000114314283250351,0.000644753037458939
"ENSG00000211896.7",70589.0311196779,2.73099465979888,0.716243283636325,3.81294278381751,0.000137321911268609,0.00075755774432391
"ENSG00000177455.15",289.311847584547,-2.79577953764411,0.735573347322229,-3.80081680205221,0.000144219901594111,0.0007907989064487
"ENSG00000104321.11",1023.14636881901,-2.62922629200411,0.698436278450197,-3.76444691252044,0.000166918123659345,0.000895028282622946
"ENSG00000196611.5",2235.51464494802,2.48206902630206,0.692728021352349,3.58303540465498,0.000339624554489535,0.00163572530815807
"ENSG00000134323.12",349.591178195294,2.50974678915121,0.700733554685742,3.5815992717471,0.000341497327466758,0.00164336643502654
"ENSG00000181449.4",825.12291848835,2.4528205770911,0.688933188331251,3.56031705052906,0.000370407300921848,0.001758898523236
"ENSG00000148798.11",1569.4498298893,2.4819126210757,0.717028107453674,3.46138818726301,0.0005373973031211,0.002400309582898
"ENSG00000105369.10",824.074575613981,-2.32838116605245,0.723457417179315,-3.21840803724228,0.00128904298753279,0.00501276589713081
"ENSG00000167244.21",985.327864888132,2.39355404183612,0.779793645694252,3.06947107744785,0.00214438167806532,0.00771114699517115
"ENSG00000114638.8",16247.2602747733,2.36707116990596,0.77527716922389,3.05319344341789,0.00226419929931512,0.00808046094739003
"ENSG00000172927.8",877.715403252763,2.51765572822777,0.846528685247083,2.97409381643449,0.00293855216166514,0.0100757881505791
