"Ensembl","Ensembl_with_version","PosDegree","NegDegree","TotalDiffDegree","HGNC","Description"
"ENSG00000150995","ENSG00000150995.20",0,217,217,"ITPR1","inositol 1,4,5-trisphosphate receptor type 1 [Source:HGNC Symbol;Acc:HGNC:6180]"
"ENSG00000068024","ENSG00000068024.17",18,196,214,"HDAC4","histone deacetylase 4 [Source:HGNC Symbol;Acc:HGNC:14063]"
"ENSG00000148411","ENSG00000148411.8",19,193,212,"NACC2","NACC family member 2 [Source:HGNC Symbol;Acc:HGNC:23846]"
"ENSG00000107130","ENSG00000107130.10",41,170,211,"NCS1","neuronal calcium sensor 1 [Source:HGNC Symbol;Acc:HGNC:3953]"
"ENSG00000091436","ENSG00000091436.17",16,191,207,"MAP3K20","mitogen-activated protein kinase kinase kinase 20 [Source:HGNC Symbol;Acc:HGNC:17797]"
"ENSG00000065600","ENSG00000065600.13",189,5,194,"PACC1","proton activated chloride channel 1 [Source:HGNC Symbol;Acc:HGNC:25593]"
"ENSG00000104936","ENSG00000104936.19",33,159,192,"DMPK","DM1 protein kinase [Source:HGNC Symbol;Acc:HGNC:2933]"
"ENSG00000135842","ENSG00000135842.17",5,184,189,"NIBAN1","niban apoptosis regulator 1 [Source:HGNC Symbol;Acc:HGNC:16784]"
"ENSG00000163681","ENSG00000163681.16",8,180,188,"SLMAP","sarcolemma associated protein [Source:HGNC Symbol;Acc:HGNC:16643]"
"ENSG00000173546","ENSG00000173546.7",25,160,185,"CSPG4","chondroitin sulfate proteoglycan 4 [Source:HGNC Symbol;Acc:HGNC:2466]"
"ENSG00000112208","ENSG00000112208.11",12,172,184,"BAG2","BAG cochaperone 2 [Source:HGNC Symbol;Acc:HGNC:938]"
"ENSG00000140416","ENSG00000140416.23",13,170,183,"TPM1","tropomyosin 1 [Source:HGNC Symbol;Acc:HGNC:12010]"
"ENSG00000165410","ENSG00000165410.15",49,134,183,"CFL2","cofilin 2 [Source:HGNC Symbol;Acc:HGNC:1875]"
"ENSG00000137094","ENSG00000137094.15",54,127,181,"DNAJB5","DnaJ heat shock protein family (Hsp40) member B5 [Source:HGNC Symbol;Acc:HGNC:14887]"
"ENSG00000157570","ENSG00000157570.12",15,166,181,"TSPAN18","tetraspanin 18 [Source:HGNC Symbol;Acc:HGNC:20660]"
"ENSG00000137124","ENSG00000137124.8",16,163,179,"ALDH1B1","aldehyde dehydrogenase 1 family member B1 [Source:HGNC Symbol;Acc:HGNC:407]"
"ENSG00000183963","ENSG00000183963.19",36,142,178,"SMTN","smoothelin [Source:HGNC Symbol;Acc:HGNC:11126]"
"ENSG00000198947","ENSG00000198947.16",27,147,174,"DMD","dystrophin [Source:HGNC Symbol;Acc:HGNC:2928]"
"ENSG00000145012","ENSG00000145012.13",1,172,173,"LPP","LIM domain containing preferred translocation partner in lipoma [Source:HGNC Symbol;Acc:HGNC:6679]"
"ENSG00000112320","ENSG00000112320.12",5,166,171,"SOBP","sine oculis binding protein homolog [Source:HGNC Symbol;Acc:HGNC:29256]"
"ENSG00000076706","ENSG00000076706.17",23,147,170,"MCAM","melanoma cell adhesion molecule [Source:HGNC Symbol;Acc:HGNC:6934]"
"ENSG00000069535","ENSG00000069535.14",21,145,166,"MAOB","monoamine oxidase B [Source:HGNC Symbol;Acc:HGNC:6834]"
"ENSG00000166831","ENSG00000166831.9",17,147,164,"RBPMS2","RNA binding protein, mRNA processing factor 2 [Source:HGNC Symbol;Acc:HGNC:19098]"
"ENSG00000197256","ENSG00000197256.11",20,144,164,"KANK2","KN motif and ankyrin repeat domains 2 [Source:HGNC Symbol;Acc:HGNC:29300]"
"ENSG00000112276","ENSG00000112276.14",24,139,163,"POPDC1","popeye domain cAMP effector 1 [Source:HGNC Symbol;Acc:HGNC:1152]"
"ENSG00000166165","ENSG00000166165.13",23,139,162,"CKB","creatine kinase B [Source:HGNC Symbol;Acc:HGNC:1991]"
"ENSG00000166963","ENSG00000166963.13",25,135,160,NA,NA
"ENSG00000196924","ENSG00000196924.19",21,139,160,"FLNA","filamin A [Source:HGNC Symbol;Acc:HGNC:3754]"
"ENSG00000232855","ENSG00000232855.7",5,154,159,"LINC03138","long intergenic non-protein coding RNA 3138 [Source:HGNC Symbol;Acc:HGNC:58104]"
"ENSG00000122786","ENSG00000122786.20",7,151,158,"CALD1","caldesmon 1 [Source:HGNC Symbol;Acc:HGNC:1441]"
"ENSG00000140682","ENSG00000140682.19",18,140,158,"TGFB1I1","transforming growth factor beta 1 induced transcript 1 [Source:HGNC Symbol;Acc:HGNC:11767]"
"ENSG00000182534","ENSG00000182534.13",33,125,158,NA,NA
"ENSG00000018408","ENSG00000018408.15",22,135,157,NA,NA
"ENSG00000134198","ENSG00000134198.10",17,137,154,NA,NA
"ENSG00000177469","ENSG00000177469.13",11,142,153,"CAVIN1","caveolae associated protein 1 [Source:HGNC Symbol;Acc:HGNC:9688]"
"ENSG00000117013","ENSG00000117013.17",23,128,151,NA,NA
"ENSG00000143772","ENSG00000143772.9",27,122,149,NA,NA
"ENSG00000159176","ENSG00000159176.14",20,129,149,NA,NA
"ENSG00000100628","ENSG00000100628.12",3,145,148,"ASB2","ankyrin repeat and SOCS box containing 2 [Source:HGNC Symbol;Acc:HGNC:16012]"
"ENSG00000150051","ENSG00000150051.14",6,140,146,"MKX","mohawk homeobox [Source:HGNC Symbol;Acc:HGNC:23729]"
"ENSG00000079308","ENSG00000079308.19",4,141,145,"TNS1","tensin 1 [Source:HGNC Symbol;Acc:HGNC:11973]"
"ENSG00000149596","ENSG00000149596.7",1,144,145,"JPH2","junctophilin 2 [Source:HGNC Symbol;Acc:HGNC:14202]"
"ENSG00000131471","ENSG00000131471.7",4,140,144,"AOC3","amine oxidase copper containing 3 [Source:HGNC Symbol;Acc:HGNC:550]"
"ENSG00000198624","ENSG00000198624.13",5,139,144,"CCDC69","coiled-coil domain containing 69 [Source:HGNC Symbol;Acc:HGNC:24487]"
"ENSG00000080854","ENSG00000080854.16",23,120,143,NA,NA
"ENSG00000149591","ENSG00000149591.17",11,132,143,NA,NA
"ENSG00000198853","ENSG00000198853.12",43,99,142,"RUSC2","RUN and SH3 domain containing 2 [Source:HGNC Symbol;Acc:HGNC:23625]"
"ENSG00000168427","ENSG00000168427.9",4,136,140,NA,NA
"ENSG00000163017","ENSG00000163017.14",2,137,139,NA,NA
"ENSG00000229619","ENSG00000229619.4",11,127,138,NA,NA
"ENSG00000132840","ENSG00000132840.10",2,135,137,NA,NA
"ENSG00000141404","ENSG00000141404.17",8,129,137,NA,NA
"ENSG00000134769","ENSG00000134769.21",26,109,135,NA,NA
"ENSG00000167281","ENSG00000167281.19",11,124,135,NA,NA
"ENSG00000141052","ENSG00000141052.18",1,133,134,NA,NA
"ENSG00000131711","ENSG00000131711.15",13,119,132,NA,NA
"ENSG00000068976","ENSG00000068976.14",5,126,131,NA,NA
"ENSG00000127951","ENSG00000127951.8",2,129,131,NA,NA
"ENSG00000129116","ENSG00000129116.19",17,114,131,NA,NA
"ENSG00000073712","ENSG00000073712.15",42,88,130,"FERMT2","FERM domain containing kindlin 2 [Source:HGNC Symbol;Acc:HGNC:15767]"
"ENSG00000106772","ENSG00000106772.18",12,118,130,NA,NA
"ENSG00000125868","ENSG00000125868.16",11,119,130,NA,NA
"ENSG00000148516","ENSG00000148516.22",5,123,128,NA,NA
"ENSG00000107796","ENSG00000107796.13",9,117,126,NA,NA
"ENSG00000137726","ENSG00000137726.17",26,100,126,NA,NA
"ENSG00000165995","ENSG00000165995.22",15,111,126,NA,NA
"ENSG00000187239","ENSG00000187239.17",17,109,126,NA,NA
"ENSG00000123570","ENSG00000123570.4",8,117,125,NA,NA
"ENSG00000145936","ENSG00000145936.9",8,117,125,NA,NA
"ENSG00000259291","ENSG00000259291.2",11,114,125,NA,NA
"ENSG00000198467","ENSG00000198467.16",17,107,124,NA,NA
"ENSG00000068615","ENSG00000068615.19",8,115,123,NA,NA
"ENSG00000077157","ENSG00000077157.22",5,118,123,NA,NA
"ENSG00000128591","ENSG00000128591.16",17,106,123,NA,NA
"ENSG00000162614","ENSG00000162614.19",12,111,123,NA,NA
"ENSG00000101335","ENSG00000101335.10",5,117,122,NA,NA
"ENSG00000105974","ENSG00000105974.13",5,116,121,NA,NA
"ENSG00000130176","ENSG00000130176.8",8,113,121,NA,NA
"ENSG00000153814","ENSG00000153814.13",10,111,121,NA,NA
"ENSG00000158445","ENSG00000158445.10",18,103,121,NA,NA
"ENSG00000182253","ENSG00000182253.15",1,120,121,NA,NA
"ENSG00000198838","ENSG00000198838.14",7,113,120,NA,NA
"ENSG00000075073","ENSG00000075073.15",0,118,118,NA,NA
"ENSG00000156113","ENSG00000156113.24",1,117,118,NA,NA
"ENSG00000163431","ENSG00000163431.13",6,112,118,NA,NA
"ENSG00000174099","ENSG00000174099.12",3,115,118,NA,NA
"ENSG00000175084","ENSG00000175084.12",3,115,118,NA,NA
"ENSG00000095303","ENSG00000095303.17",5,110,115,NA,NA
"ENSG00000125648","ENSG00000125648.15",14,100,114,NA,NA
"ENSG00000185532","ENSG00000185532.20",6,107,113,NA,NA
"ENSG00000154553","ENSG00000154553.16",3,109,112,NA,NA
"ENSG00000165996","ENSG00000165996.14",11,100,111,NA,NA
"ENSG00000121898","ENSG00000121898.13",15,95,110,NA,NA
"ENSG00000133392","ENSG00000133392.18",2,108,110,NA,NA
"ENSG00000144891","ENSG00000144891.18",1,109,110,NA,NA
"ENSG00000239474","ENSG00000239474.7",8,102,110,NA,NA
"ENSG00000154678","ENSG00000154678.18",18,91,109,NA,NA
"ENSG00000121075","ENSG00000121075.11",2,106,108,NA,NA
"ENSG00000151320","ENSG00000151320.11",20,88,108,NA,NA
"ENSG00000165072","ENSG00000165072.10",12,96,108,NA,NA
"ENSG00000197361","ENSG00000197361.8",8,100,108,NA,NA
"ENSG00000198932","ENSG00000198932.13",16,92,108,NA,NA
"ENSG00000151067","ENSG00000151067.22",14,93,107,NA,NA
"ENSG00000167641","ENSG00000167641.11",12,95,107,NA,NA
"ENSG00000154556","ENSG00000154556.18",4,102,106,NA,NA
"ENSG00000170153","ENSG00000170153.11",14,92,106,NA,NA
"ENSG00000118407","ENSG00000118407.15",14,91,105,NA,NA
"ENSG00000121440","ENSG00000121440.15",5,100,105,NA,NA
"ENSG00000154330","ENSG00000154330.13",19,86,105,NA,NA
"ENSG00000196557","ENSG00000196557.13",31,74,105,NA,NA
"ENSG00000101605","ENSG00000101605.13",8,96,104,NA,NA
"ENSG00000163710","ENSG00000163710.9",1,103,104,NA,NA
"ENSG00000164764","ENSG00000164764.11",13,91,104,NA,NA
"ENSG00000197702","ENSG00000197702.14",8,96,104,NA,NA
"ENSG00000106034","ENSG00000106034.18",2,101,103,NA,NA
"ENSG00000020577","ENSG00000020577.14",2,100,102,NA,NA
"ENSG00000149294","ENSG00000149294.17",14,88,102,NA,NA
"ENSG00000138944","ENSG00000138944.8",24,77,101,NA,NA
"ENSG00000169750","ENSG00000169750.9",87,14,101,"RAC3","Rac family small GTPase 3 [Source:HGNC Symbol;Acc:HGNC:9803]"
"ENSG00000124212","ENSG00000124212.6",5,95,100,NA,NA
"ENSG00000070808","ENSG00000070808.16",8,90,98,NA,NA
"ENSG00000072952","ENSG00000072952.19",1,97,98,NA,NA
"ENSG00000077782","ENSG00000077782.21",7,91,98,NA,NA
"ENSG00000172403","ENSG00000172403.11",3,92,95,NA,NA
"ENSG00000263155","ENSG00000263155.6",6,89,95,NA,NA
"ENSG00000095637","ENSG00000095637.22",8,86,94,NA,NA
"ENSG00000253636","ENSG00000253636.1",6,87,93,NA,NA
"ENSG00000072163","ENSG00000072163.20",14,78,92,NA,NA
"ENSG00000198523","ENSG00000198523.6",1,91,92,NA,NA
"ENSG00000059915","ENSG00000059915.17",21,70,91,NA,NA
"ENSG00000181856","ENSG00000181856.15",13,78,91,NA,NA
"ENSG00000187942","ENSG00000187942.12",2,89,91,NA,NA
"ENSG00000203685","ENSG00000203685.10",13,78,91,NA,NA
"ENSG00000158104","ENSG00000158104.11",0,90,90,NA,NA
"ENSG00000127328","ENSG00000127328.22",89,0,89,"RAB3IP","RAB3A interacting protein [Source:HGNC Symbol;Acc:HGNC:16508]"
"ENSG00000172260","ENSG00000172260.15",7,82,89,NA,NA
"ENSG00000138074","ENSG00000138074.15",83,5,88,"SLC5A6","solute carrier family 5 member 6 [Source:HGNC Symbol;Acc:HGNC:11041]"
"ENSG00000147799","ENSG00000147799.11",80,8,88,"ARHGAP39","Rho GTPase activating protein 39 [Source:HGNC Symbol;Acc:HGNC:29351]"
"ENSG00000169126","ENSG00000169126.16",8,80,88,NA,NA
"ENSG00000068383","ENSG00000068383.19",4,83,87,NA,NA
"ENSG00000127472","ENSG00000127472.11",3,84,87,NA,NA
"ENSG00000157110","ENSG00000157110.16",3,81,84,NA,NA
"ENSG00000163297","ENSG00000163297.17",11,73,84,NA,NA
"ENSG00000165197","ENSG00000165197.5",1,83,84,NA,NA
"ENSG00000130988","ENSG00000130988.13",6,77,83,NA,NA
"ENSG00000148180","ENSG00000148180.21",0,83,83,NA,NA
"ENSG00000168734","ENSG00000168734.14",17,66,83,NA,NA
"ENSG00000029993","ENSG00000029993.15",70,12,82,"HMGB3","high mobility group box 3 [Source:HGNC Symbol;Acc:HGNC:5004]"
"ENSG00000135424","ENSG00000135424.18",33,49,82,"ITGA7","integrin subunit alpha 7 [Source:HGNC Symbol;Acc:HGNC:6143]"
"ENSG00000022267","ENSG00000022267.19",28,52,80,NA,NA
"ENSG00000048540","ENSG00000048540.15",14,66,80,NA,NA
"ENSG00000103710","ENSG00000103710.11",10,70,80,NA,NA
"ENSG00000125450","ENSG00000125450.11",77,2,79,"NUP85","nucleoporin 85 [Source:HGNC Symbol;Acc:HGNC:8734]"
"ENSG00000155970","ENSG00000155970.12",10,69,79,NA,NA
"ENSG00000255642","ENSG00000255642.1",0,79,79,NA,NA
"ENSG00000104490","ENSG00000104490.18",17,60,77,NA,NA
"ENSG00000165424","ENSG00000165424.7",0,77,77,NA,NA
"ENSG00000197380","ENSG00000197380.11",22,55,77,NA,NA
"ENSG00000165966","ENSG00000165966.16",11,65,76,NA,NA
"ENSG00000248309","ENSG00000248309.7",4,72,76,NA,NA
"ENSG00000179051","ENSG00000179051.14",62,13,75,"RCC2","regulator of chromosome condensation 2 [Source:HGNC Symbol;Acc:HGNC:30297]"
"ENSG00000065534","ENSG00000065534.19",2,72,74,NA,NA
"ENSG00000110583","ENSG00000110583.13",73,1,74,"NAA40","N-alpha-acetyltransferase 40, NatD catalytic subunit [Source:HGNC Symbol;Acc:HGNC:25845]"
"ENSG00000115041","ENSG00000115041.13",12,62,74,NA,NA
"ENSG00000173641","ENSG00000173641.18",5,69,74,NA,NA
"ENSG00000188783","ENSG00000188783.6",6,68,74,NA,NA
"ENSG00000108823","ENSG00000108823.16",2,71,73,NA,NA
"ENSG00000108405","ENSG00000108405.4",1,71,72,NA,NA
"ENSG00000172171","ENSG00000172171.11",50,22,72,"TEFM","transcription elongation factor, mitochondrial [Source:HGNC Symbol;Acc:HGNC:26223]"
"ENSG00000141905","ENSG00000141905.19",1,70,71,NA,NA
"ENSG00000156218","ENSG00000156218.13",2,69,71,NA,NA
"ENSG00000163380","ENSG00000163380.16",1,70,71,NA,NA
"ENSG00000166086","ENSG00000166086.13",13,58,71,NA,NA
"ENSG00000162104","ENSG00000162104.10",2,68,70,NA,NA
"ENSG00000106144","ENSG00000106144.20",60,8,68,"CASP2","caspase 2 [Source:HGNC Symbol;Acc:HGNC:1503]"
"ENSG00000008441","ENSG00000008441.18",1,66,67,NA,NA
"ENSG00000130522","ENSG00000130522.6",66,1,67,"JUND","JunD proto-oncogene, AP-1 transcription factor subunit [Source:HGNC Symbol;Acc:HGNC:6206]"
"ENSG00000161638","ENSG00000161638.11",36,31,67,"ITGA5","integrin subunit alpha 5 [Source:HGNC Symbol;Acc:HGNC:6141]"
"ENSG00000150764","ENSG00000150764.14",6,60,66,NA,NA
"ENSG00000162849","ENSG00000162849.16",56,9,65,"KIF26B","kinesin family member 26B [Source:HGNC Symbol;Acc:HGNC:25484]"
"ENSG00000237125","ENSG00000237125.11",14,51,65,NA,NA
"ENSG00000162878","ENSG00000162878.13",6,58,64,NA,NA
"ENSG00000111981","ENSG00000111981.5",62,1,63,"ULBP1","UL16 binding protein 1 [Source:HGNC Symbol;Acc:HGNC:14893]"
"ENSG00000136842","ENSG00000136842.14",10,53,63,NA,NA
"ENSG00000144642","ENSG00000144642.22",4,59,63,NA,NA
"ENSG00000155660","ENSG00000155660.11",37,26,63,"PDIA4","protein disulfide isomerase family A member 4 [Source:HGNC Symbol;Acc:HGNC:30167]"
"ENSG00000162520","ENSG00000162520.15",2,61,63,NA,NA
"ENSG00000163531","ENSG00000163531.15",28,35,63,NA,NA
"ENSG00000128849","ENSG00000128849.11",3,57,60,NA,NA
"ENSG00000132837","ENSG00000132837.15",1,59,60,NA,NA
"ENSG00000144218","ENSG00000144218.19",14,46,60,NA,NA
"ENSG00000061455","ENSG00000061455.11",1,58,59,NA,NA
"ENSG00000197043","ENSG00000197043.14",10,49,59,NA,NA
"ENSG00000224307","ENSG00000224307.2",56,3,59,"LINC02975","long intergenic non-protein coding RNA 2975 [Source:HGNC Symbol;Acc:HGNC:56025]"
"ENSG00000004776","ENSG00000004776.13",13,45,58,NA,NA
"ENSG00000101115","ENSG00000101115.13",28,30,58,NA,NA
"ENSG00000121577","ENSG00000121577.14",12,46,58,NA,NA
"ENSG00000162733","ENSG00000162733.19",4,54,58,NA,NA
"ENSG00000125871","ENSG00000125871.14",41,16,57,"MGME1","mitochondrial genome maintenance exonuclease 1 [Source:HGNC Symbol;Acc:HGNC:16205]"
"ENSG00000204131","ENSG00000204131.9",0,57,57,NA,NA
"ENSG00000108883","ENSG00000108883.13",37,19,56,"EFTUD2","elongation factor Tu GTP binding domain containing 2 [Source:HGNC Symbol;Acc:HGNC:30858]"
"ENSG00000173175","ENSG00000173175.15",15,41,56,NA,NA
"ENSG00000144668","ENSG00000144668.12",8,46,54,NA,NA
"ENSG00000159433","ENSG00000159433.12",5,48,53,NA,NA
"ENSG00000168306","ENSG00000168306.13",0,53,53,NA,NA
"ENSG00000254986","ENSG00000254986.7",43,10,53,"DPP3","dipeptidyl peptidase 3 [Source:HGNC Symbol;Acc:HGNC:3008]"
"ENSG00000167779","ENSG00000167779.9",0,52,52,NA,NA
"ENSG00000143632","ENSG00000143632.14",33,18,51,NA,NA
"ENSG00000040608","ENSG00000040608.14",45,4,49,"RTN4R","reticulon 4 receptor [Source:HGNC Symbol;Acc:HGNC:18601]"
"ENSG00000111602","ENSG00000111602.12",38,11,49,"TIMELESS","timeless circadian regulator [Source:HGNC Symbol;Acc:HGNC:11813]"
"ENSG00000112562","ENSG00000112562.19",0,49,49,NA,NA
"ENSG00000279495","ENSG00000279495.1",1,48,49,NA,NA
"ENSG00000172935","ENSG00000172935.9",7,41,48,NA,NA
"ENSG00000251141","ENSG00000251141.6",4,44,48,NA,NA
"ENSG00000137727","ENSG00000137727.12",2,45,47,NA,NA
"ENSG00000152583","ENSG00000152583.12",3,43,46,NA,NA
"ENSG00000159899","ENSG00000159899.15",2,44,46,NA,NA
"ENSG00000173208","ENSG00000173208.4",0,45,45,NA,NA
"ENSG00000123243","ENSG00000123243.15",3,41,44,NA,NA
"ENSG00000048740","ENSG00000048740.18",0,43,43,NA,NA
"ENSG00000114268","ENSG00000114268.12",33,10,43,"PFKFB4","6-phosphofructo-2-kinase/fructose-2,6-biphosphatase 4 [Source:HGNC Symbol;Acc:HGNC:8875]"
"ENSG00000180525","ENSG00000180525.13",1,42,43,NA,NA
"ENSG00000268388","ENSG00000268388.6",1,42,43,NA,NA
"ENSG00000122420","ENSG00000122420.10",5,37,42,NA,NA
"ENSG00000138735","ENSG00000138735.16",0,42,42,NA,NA
"ENSG00000168497","ENSG00000168497.5",1,41,42,NA,NA
"ENSG00000146757","ENSG00000146757.14",38,3,41,"ZNF92","zinc finger protein 92 [Source:HGNC Symbol;Acc:HGNC:13168]"
"ENSG00000148357","ENSG00000148357.16",1,40,41,NA,NA
"ENSG00000239382","ENSG00000239382.10",38,2,40,"ALKBH6","alkB homolog 6 [Source:HGNC Symbol;Acc:HGNC:28243]"
"ENSG00000186642","ENSG00000186642.16",26,13,39,NA,NA
"ENSG00000273373","ENSG00000273373.1",37,1,38,NA,NA
"ENSG00000076555","ENSG00000076555.15",6,31,37,NA,NA
"ENSG00000157368","ENSG00000157368.11",34,3,37,"IL34","interleukin 34 [Source:HGNC Symbol;Acc:HGNC:28529]"
"ENSG00000172348","ENSG00000172348.15",5,32,37,NA,NA
"ENSG00000114853","ENSG00000114853.14",2,34,36,NA,NA
"ENSG00000164188","ENSG00000164188.9",3,33,36,NA,NA
"ENSG00000170779","ENSG00000170779.11",28,7,35,NA,NA
"ENSG00000239697","ENSG00000239697.11",1,34,35,NA,NA
"ENSG00000071967","ENSG00000071967.12",0,34,34,NA,NA
"ENSG00000111275","ENSG00000111275.13",1,33,34,NA,NA
"ENSG00000162769","ENSG00000162769.13",26,8,34,NA,NA
"ENSG00000163637","ENSG00000163637.13",4,30,34,NA,NA
"ENSG00000065325","ENSG00000065325.13",10,23,33,NA,NA
"ENSG00000086232","ENSG00000086232.13",27,6,33,NA,NA
"ENSG00000146122","ENSG00000146122.17",3,30,33,NA,NA
"ENSG00000153823","ENSG00000153823.19",1,32,33,NA,NA
"ENSG00000161835","ENSG00000161835.11",32,1,33,NA,NA
"ENSG00000163687","ENSG00000163687.14",27,6,33,NA,NA
"ENSG00000184347","ENSG00000184347.15",0,33,33,NA,NA
"ENSG00000243244","ENSG00000243244.7",4,29,33,NA,NA
"ENSG00000006634","ENSG00000006634.8",25,6,31,NA,NA
"ENSG00000145604","ENSG00000145604.17",15,16,31,NA,NA
"ENSG00000167676","ENSG00000167676.4",7,24,31,NA,NA
"ENSG00000171992","ENSG00000171992.13",5,26,31,NA,NA
"ENSG00000196550","ENSG00000196550.10",30,1,31,NA,NA
"ENSG00000007237","ENSG00000007237.19",1,29,30,NA,NA
"ENSG00000011465","ENSG00000011465.18",0,30,30,NA,NA
"ENSG00000136122","ENSG00000136122.18",9,21,30,NA,NA
"ENSG00000255248","ENSG00000255248.9",6,24,30,NA,NA
"ENSG00000155760","ENSG00000155760.2",6,23,29,NA,NA
"ENSG00000172987","ENSG00000172987.13",0,29,29,NA,NA
"ENSG00000154065","ENSG00000154065.17",7,21,28,NA,NA
"ENSG00000171747","ENSG00000171747.9",15,13,28,NA,NA
"ENSG00000131171","ENSG00000131171.13",2,25,27,NA,NA
"ENSG00000135063","ENSG00000135063.19",1,26,27,NA,NA
"ENSG00000159251","ENSG00000159251.8",4,23,27,NA,NA
"ENSG00000168411","ENSG00000168411.14",24,3,27,NA,NA
"ENSG00000286039","ENSG00000286039.1",2,24,26,NA,NA
"ENSG00000021574","ENSG00000021574.13",22,3,25,NA,NA
"ENSG00000149243","ENSG00000149243.16",17,8,25,NA,NA
"ENSG00000162929","ENSG00000162929.14",4,21,25,NA,NA
"ENSG00000233117","ENSG00000233117.4",3,22,25,NA,NA
"ENSG00000078804","ENSG00000078804.13",16,8,24,NA,NA
"ENSG00000113448","ENSG00000113448.19",0,24,24,NA,NA
"ENSG00000164197","ENSG00000164197.12",1,23,24,NA,NA
"ENSG00000183690","ENSG00000183690.13",1,23,24,NA,NA
"ENSG00000220205","ENSG00000220205.9",23,1,24,NA,NA
"ENSG00000019991","ENSG00000019991.18",3,20,23,NA,NA
"ENSG00000091129","ENSG00000091129.21",23,0,23,NA,NA
"ENSG00000117593","ENSG00000117593.12",12,11,23,NA,NA
"ENSG00000138685","ENSG00000138685.17",9,14,23,NA,NA
"ENSG00000168477","ENSG00000168477.19",1,22,23,NA,NA
"ENSG00000169554","ENSG00000169554.22",0,23,23,NA,NA
"ENSG00000132329","ENSG00000132329.11",12,10,22,NA,NA
"ENSG00000154175","ENSG00000154175.18",0,22,22,NA,NA
"ENSG00000172167","ENSG00000172167.8",1,21,22,NA,NA
"ENSG00000206052","ENSG00000206052.11",1,21,22,NA,NA
"ENSG00000062822","ENSG00000062822.15",13,8,21,NA,NA
"ENSG00000120254","ENSG00000120254.16",15,6,21,NA,NA
"ENSG00000120802","ENSG00000120802.14",10,11,21,NA,NA
"ENSG00000145362","ENSG00000145362.20",2,19,21,NA,NA
"ENSG00000157514","ENSG00000157514.16",20,1,21,NA,NA
"ENSG00000159055","ENSG00000159055.4",11,10,21,NA,NA
"ENSG00000187741","ENSG00000187741.15",14,7,21,NA,NA
"ENSG00000196890","ENSG00000196890.4",8,13,21,NA,NA
"ENSG00000271936","ENSG00000271936.1",8,13,21,NA,NA
"ENSG00000058804","ENSG00000058804.12",8,12,20,NA,NA
"ENSG00000100625","ENSG00000100625.9",2,18,20,NA,NA
"ENSG00000103042","ENSG00000103042.9",12,8,20,NA,NA
"ENSG00000111445","ENSG00000111445.14",19,1,20,NA,NA
"ENSG00000137033","ENSG00000137033.11",0,20,20,NA,NA
"ENSG00000167874","ENSG00000167874.7",18,2,20,NA,NA
"ENSG00000247373","ENSG00000247373.3",11,9,20,NA,NA
"ENSG00000124766","ENSG00000124766.7",9,10,19,NA,NA
"ENSG00000133466","ENSG00000133466.14",3,16,19,NA,NA
"ENSG00000140538","ENSG00000140538.16",16,3,19,NA,NA
"ENSG00000164736","ENSG00000164736.6",18,1,19,NA,NA
"ENSG00000182575","ENSG00000182575.8",3,16,19,NA,NA
"ENSG00000205363","ENSG00000205363.6",19,0,19,NA,NA
"ENSG00000008735","ENSG00000008735.14",15,3,18,NA,NA
"ENSG00000126351","ENSG00000126351.13",7,11,18,NA,NA
"ENSG00000143603","ENSG00000143603.19",1,17,18,NA,NA
"ENSG00000143727","ENSG00000143727.16",15,3,18,NA,NA
"ENSG00000165633","ENSG00000165633.13",0,18,18,NA,NA
"ENSG00000169418","ENSG00000169418.10",0,18,18,NA,NA
"ENSG00000189134","ENSG00000189134.4",7,11,18,NA,NA
"ENSG00000245812","ENSG00000245812.3",15,3,18,NA,NA
"ENSG00000069702","ENSG00000069702.11",0,17,17,NA,NA
"ENSG00000091986","ENSG00000091986.16",1,16,17,NA,NA
"ENSG00000106617","ENSG00000106617.15",8,9,17,NA,NA
"ENSG00000109063","ENSG00000109063.15",13,4,17,NA,NA
"ENSG00000112658","ENSG00000112658.8",16,1,17,NA,NA
"ENSG00000130032","ENSG00000130032.17",0,17,17,NA,NA
"ENSG00000130528","ENSG00000130528.12",15,2,17,NA,NA
"ENSG00000171368","ENSG00000171368.12",16,1,17,NA,NA
"ENSG00000176208","ENSG00000176208.9",5,12,17,NA,NA
"ENSG00000105048","ENSG00000105048.17",14,2,16,NA,NA
"ENSG00000145147","ENSG00000145147.20",1,15,16,NA,NA
"ENSG00000095794","ENSG00000095794.19",15,0,15,NA,NA
"ENSG00000106809","ENSG00000106809.11",0,15,15,NA,NA
"ENSG00000115252","ENSG00000115252.18",2,13,15,NA,NA
"ENSG00000119865","ENSG00000119865.9",1,14,15,NA,NA
"ENSG00000125827","ENSG00000125827.9",2,13,15,NA,NA
"ENSG00000127337","ENSG00000127337.7",9,6,15,NA,NA
"ENSG00000174442","ENSG00000174442.12",8,7,15,NA,NA
"ENSG00000177432","ENSG00000177432.8",0,15,15,NA,NA
"ENSG00000183010","ENSG00000183010.17",1,14,15,NA,NA
"ENSG00000184113","ENSG00000184113.9",15,0,15,NA,NA
"ENSG00000095002","ENSG00000095002.15",9,5,14,NA,NA
"ENSG00000107562","ENSG00000107562.16",0,14,14,NA,NA
"ENSG00000115392","ENSG00000115392.12",13,1,14,NA,NA
"ENSG00000119640","ENSG00000119640.9",8,6,14,NA,NA
"ENSG00000122707","ENSG00000122707.12",2,12,14,NA,NA
"ENSG00000136295","ENSG00000136295.15",8,6,14,NA,NA
"ENSG00000161281","ENSG00000161281.11",1,13,14,NA,NA
"ENSG00000196182","ENSG00000196182.11",13,1,14,NA,NA
"ENSG00000111728","ENSG00000111728.10",0,13,13,NA,NA
"ENSG00000134352","ENSG00000134352.20",0,13,13,NA,NA
"ENSG00000136717","ENSG00000136717.15",3,10,13,NA,NA
"ENSG00000140092","ENSG00000140092.14",0,13,13,NA,NA
"ENSG00000153044","ENSG00000153044.10",8,5,13,NA,NA
"ENSG00000158246","ENSG00000158246.8",13,0,13,NA,NA
"ENSG00000163029","ENSG00000163029.16",11,2,13,NA,NA
"ENSG00000163106","ENSG00000163106.11",0,13,13,NA,NA
"ENSG00000172465","ENSG00000172465.14",11,2,13,NA,NA
"ENSG00000203814","ENSG00000203814.6",10,3,13,NA,NA
"ENSG00000020181","ENSG00000020181.18",1,11,12,NA,NA
"ENSG00000130695","ENSG00000130695.16",8,4,12,NA,NA
"ENSG00000163132","ENSG00000163132.8",0,12,12,NA,NA
"ENSG00000105499","ENSG00000105499.14",0,11,11,NA,NA
"ENSG00000114859","ENSG00000114859.16",8,3,11,NA,NA
"ENSG00000123473","ENSG00000123473.16",7,4,11,NA,NA
"ENSG00000131831","ENSG00000131831.18",10,1,11,NA,NA
"ENSG00000161544","ENSG00000161544.10",9,2,11,NA,NA
"ENSG00000168398","ENSG00000168398.7",9,2,11,NA,NA
"ENSG00000177363","ENSG00000177363.5",0,11,11,NA,NA
"ENSG00000187479","ENSG00000187479.8",10,1,11,NA,NA
"ENSG00000188906","ENSG00000188906.16",2,9,11,NA,NA
"ENSG00000044524","ENSG00000044524.11",0,10,10,NA,NA
"ENSG00000109610","ENSG00000109610.6",0,10,10,NA,NA
"ENSG00000132561","ENSG00000132561.14",0,10,10,NA,NA
"ENSG00000138135","ENSG00000138135.7",1,9,10,NA,NA
"ENSG00000159147","ENSG00000159147.18",9,1,10,NA,NA
"ENSG00000162814","ENSG00000162814.11",8,2,10,NA,NA
"ENSG00000174282","ENSG00000174282.12",0,10,10,NA,NA
"ENSG00000182916","ENSG00000182916.8",4,6,10,NA,NA
"ENSG00000008300","ENSG00000008300.17",8,1,9,NA,NA
"ENSG00000070950","ENSG00000070950.10",2,7,9,NA,NA
"ENSG00000109846","ENSG00000109846.9",6,3,9,NA,NA
"ENSG00000118785","ENSG00000118785.14",6,3,9,NA,NA
"ENSG00000122565","ENSG00000122565.19",4,5,9,NA,NA
"ENSG00000133800","ENSG00000133800.9",0,9,9,NA,NA
"ENSG00000141448","ENSG00000141448.11",1,8,9,NA,NA
"ENSG00000143878","ENSG00000143878.10",2,7,9,NA,NA
"ENSG00000175931","ENSG00000175931.13",7,2,9,NA,NA
"ENSG00000183722","ENSG00000183722.9",0,9,9,NA,NA
"ENSG00000198554","ENSG00000198554.12",0,9,9,NA,NA
"ENSG00000198835","ENSG00000198835.4",5,4,9,NA,NA
"ENSG00000026559","ENSG00000026559.14",0,8,8,NA,NA
"ENSG00000081052","ENSG00000081052.13",0,8,8,NA,NA
"ENSG00000081189","ENSG00000081189.16",0,8,8,NA,NA
"ENSG00000133121","ENSG00000133121.21",0,8,8,NA,NA
"ENSG00000136826","ENSG00000136826.15",8,0,8,NA,NA
"ENSG00000146966","ENSG00000146966.13",2,6,8,NA,NA
"ENSG00000159259","ENSG00000159259.8",1,7,8,NA,NA
"ENSG00000163072","ENSG00000163072.16",7,1,8,NA,NA
"ENSG00000163827","ENSG00000163827.13",1,7,8,NA,NA
"ENSG00000180340","ENSG00000180340.7",1,7,8,NA,NA
"ENSG00000186198","ENSG00000186198.4",3,5,8,NA,NA
"ENSG00000279204","ENSG00000279204.1",5,3,8,NA,NA
"ENSG00000078596","ENSG00000078596.11",0,7,7,NA,NA
"ENSG00000084774","ENSG00000084774.14",3,4,7,NA,NA
"ENSG00000099953","ENSG00000099953.10",0,7,7,NA,NA
"ENSG00000116741","ENSG00000116741.8",6,1,7,NA,NA
"ENSG00000122641","ENSG00000122641.11",0,7,7,NA,NA
"ENSG00000129244","ENSG00000129244.9",6,1,7,NA,NA
"ENSG00000132326","ENSG00000132326.12",7,0,7,NA,NA
"ENSG00000138162","ENSG00000138162.19",0,7,7,NA,NA
"ENSG00000160298","ENSG00000160298.18",0,7,7,NA,NA
"ENSG00000165124","ENSG00000165124.18",0,7,7,NA,NA
"ENSG00000168386","ENSG00000168386.18",0,7,7,NA,NA
"ENSG00000174059","ENSG00000174059.17",1,6,7,NA,NA
"ENSG00000186594","ENSG00000186594.14",4,3,7,NA,NA
"ENSG00000197299","ENSG00000197299.12",4,3,7,NA,NA
"ENSG00000277494","ENSG00000277494.2",6,1,7,NA,NA
"ENSG00000100307","ENSG00000100307.13",1,5,6,NA,NA
"ENSG00000107758","ENSG00000107758.16",0,6,6,NA,NA
"ENSG00000111581","ENSG00000111581.10",0,6,6,NA,NA
"ENSG00000112183","ENSG00000112183.15",2,4,6,NA,NA
"ENSG00000112561","ENSG00000112561.19",6,0,6,NA,NA
"ENSG00000116830","ENSG00000116830.12",0,6,6,NA,NA
"ENSG00000123500","ENSG00000123500.10",0,6,6,NA,NA
"ENSG00000126524","ENSG00000126524.10",5,1,6,NA,NA
"ENSG00000131018","ENSG00000131018.24",1,5,6,NA,NA
"ENSG00000138356","ENSG00000138356.14",3,3,6,NA,NA
"ENSG00000147100","ENSG00000147100.11",0,6,6,NA,NA
"ENSG00000149534","ENSG00000149534.9",0,6,6,NA,NA
"ENSG00000163513","ENSG00000163513.19",0,6,6,NA,NA
"ENSG00000164330","ENSG00000164330.17",4,2,6,NA,NA
"ENSG00000164530","ENSG00000164530.15",1,5,6,NA,NA
"ENSG00000174348","ENSG00000174348.14",0,6,6,NA,NA
"ENSG00000177098","ENSG00000177098.9",6,0,6,NA,NA
"ENSG00000178222","ENSG00000178222.13",5,1,6,NA,NA
"ENSG00000213088","ENSG00000213088.12",5,1,6,NA,NA
"ENSG00000266256","ENSG00000266256.3",6,0,6,NA,NA
"ENSG00000000460","ENSG00000000460.17",3,2,5,NA,NA
"ENSG00000025423","ENSG00000025423.11",1,4,5,NA,NA
"ENSG00000060718","ENSG00000060718.22",0,5,5,NA,NA
"ENSG00000073111","ENSG00000073111.14",1,4,5,NA,NA
"ENSG00000086300","ENSG00000086300.16",1,4,5,NA,NA
"ENSG00000136011","ENSG00000136011.15",0,5,5,NA,NA
"ENSG00000136518","ENSG00000136518.17",2,3,5,NA,NA
"ENSG00000140534","ENSG00000140534.14",2,3,5,NA,NA
"ENSG00000154721","ENSG00000154721.15",0,5,5,NA,NA
"ENSG00000154920","ENSG00000154920.15",1,4,5,NA,NA
"ENSG00000163815","ENSG00000163815.6",3,2,5,NA,NA
"ENSG00000170271","ENSG00000170271.11",1,4,5,NA,NA
"ENSG00000179921","ENSG00000179921.15",0,5,5,NA,NA
"ENSG00000181544","ENSG00000181544.15",0,5,5,NA,NA
"ENSG00000189056","ENSG00000189056.14",3,2,5,NA,NA
"ENSG00000197253","ENSG00000197253.13",0,5,5,NA,NA
"ENSG00000259363","ENSG00000259363.6",1,4,5,NA,NA
"ENSG00000260920","ENSG00000260920.2",0,5,5,NA,NA
"ENSG00000267383","ENSG00000267383.7",2,3,5,NA,NA
"ENSG00000012048","ENSG00000012048.23",1,3,4,NA,NA
"ENSG00000103175","ENSG00000103175.11",1,3,4,NA,NA
"ENSG00000108379","ENSG00000108379.10",0,4,4,NA,NA
"ENSG00000111341","ENSG00000111341.10",0,4,4,NA,NA
"ENSG00000112936","ENSG00000112936.19",1,3,4,NA,NA
"ENSG00000116161","ENSG00000116161.18",2,2,4,NA,NA
"ENSG00000122035","ENSG00000122035.7",4,0,4,NA,NA
"ENSG00000126785","ENSG00000126785.13",0,4,4,NA,NA
"ENSG00000129682","ENSG00000129682.16",1,3,4,NA,NA
"ENSG00000135709","ENSG00000135709.12",1,3,4,NA,NA
"ENSG00000155011","ENSG00000155011.9",2,2,4,NA,NA
"ENSG00000162630","ENSG00000162630.6",1,3,4,NA,NA
"ENSG00000164303","ENSG00000164303.11",0,4,4,NA,NA
"ENSG00000164949","ENSG00000164949.8",4,0,4,NA,NA
"ENSG00000169258","ENSG00000169258.7",3,1,4,NA,NA
"ENSG00000175785","ENSG00000175785.13",2,2,4,NA,NA
"ENSG00000183801","ENSG00000183801.8",0,4,4,NA,NA
"ENSG00000184445","ENSG00000184445.12",1,3,4,NA,NA
"ENSG00000187955","ENSG00000187955.12",0,4,4,NA,NA
"ENSG00000196584","ENSG00000196584.3",1,3,4,NA,NA
"ENSG00000198056","ENSG00000198056.15",3,1,4,NA,NA
"ENSG00000272476","ENSG00000272476.1",3,1,4,NA,NA
"ENSG00000275437","ENSG00000275437.1",0,4,4,NA,NA
"ENSG00000036448","ENSG00000036448.10",3,0,3,NA,NA
"ENSG00000081041","ENSG00000081041.9",0,3,3,NA,NA
"ENSG00000103241","ENSG00000103241.7",0,3,3,NA,NA
"ENSG00000105825","ENSG00000105825.14",0,3,3,NA,NA
"ENSG00000108342","ENSG00000108342.13",0,3,3,NA,NA
"ENSG00000109906","ENSG00000109906.14",3,0,3,NA,NA
"ENSG00000125740","ENSG00000125740.14",3,0,3,NA,NA
"ENSG00000129596","ENSG00000129596.5",0,3,3,NA,NA
"ENSG00000132554","ENSG00000132554.20",0,3,3,NA,NA
"ENSG00000135472","ENSG00000135472.9",1,2,3,NA,NA
"ENSG00000136732","ENSG00000136732.16",1,2,3,NA,NA
"ENSG00000138722","ENSG00000138722.10",3,0,3,NA,NA
"ENSG00000140451","ENSG00000140451.13",1,2,3,NA,NA
"ENSG00000145777","ENSG00000145777.15",3,0,3,NA,NA
"ENSG00000147408","ENSG00000147408.14",0,3,3,NA,NA
"ENSG00000149090","ENSG00000149090.12",0,3,3,NA,NA
"ENSG00000149609","ENSG00000149609.6",2,1,3,NA,NA
"ENSG00000153234","ENSG00000153234.15",1,2,3,NA,NA
"ENSG00000162407","ENSG00000162407.9",0,3,3,NA,NA
"ENSG00000164035","ENSG00000164035.10",2,1,3,NA,NA
"ENSG00000164283","ENSG00000164283.13",1,2,3,NA,NA
"ENSG00000166482","ENSG00000166482.12",3,0,3,NA,NA
"ENSG00000166501","ENSG00000166501.14",0,3,3,NA,NA
"ENSG00000166592","ENSG00000166592.12",2,1,3,NA,NA
"ENSG00000175287","ENSG00000175287.19",0,3,3,NA,NA
"ENSG00000182272","ENSG00000182272.12",1,2,3,NA,NA
"ENSG00000183087","ENSG00000183087.15",1,2,3,NA,NA
"ENSG00000184557","ENSG00000184557.4",2,1,3,NA,NA
"ENSG00000184588","ENSG00000184588.18",0,3,3,NA,NA
"ENSG00000185022","ENSG00000185022.12",1,2,3,NA,NA
"ENSG00000187720","ENSG00000187720.14",3,0,3,NA,NA
"ENSG00000198121","ENSG00000198121.13",0,3,3,NA,NA
"ENSG00000198771","ENSG00000198771.11",0,3,3,NA,NA
"ENSG00000204136","ENSG00000204136.11",1,2,3,NA,NA
"ENSG00000240583","ENSG00000240583.13",1,2,3,NA,NA
"ENSG00000258498","ENSG00000258498.8",0,3,3,NA,NA
"ENSG00000271943","ENSG00000271943.2",2,1,3,NA,NA
"ENSG00000277075","ENSG00000277075.2",3,0,3,NA,NA
"ENSG00000066735","ENSG00000066735.14",1,1,2,NA,NA
"ENSG00000068831","ENSG00000068831.19",2,0,2,NA,NA
"ENSG00000071242","ENSG00000071242.12",1,1,2,NA,NA
"ENSG00000087586","ENSG00000087586.18",1,1,2,NA,NA
"ENSG00000101955","ENSG00000101955.15",0,2,2,NA,NA
"ENSG00000102010","ENSG00000102010.15",1,1,2,NA,NA
"ENSG00000104332","ENSG00000104332.12",0,2,2,NA,NA
"ENSG00000105613","ENSG00000105613.10",2,0,2,NA,NA
"ENSG00000112511","ENSG00000112511.18",2,0,2,NA,NA
"ENSG00000115363","ENSG00000115363.14",1,1,2,NA,NA
"ENSG00000120129","ENSG00000120129.6",2,0,2,NA,NA
"ENSG00000124491","ENSG00000124491.16",0,2,2,NA,NA
"ENSG00000128482","ENSG00000128482.16",1,1,2,NA,NA
"ENSG00000131435","ENSG00000131435.13",2,0,2,NA,NA
"ENSG00000131473","ENSG00000131473.17",0,2,2,NA,NA
"ENSG00000134201","ENSG00000134201.12",0,2,2,NA,NA
"ENSG00000136160","ENSG00000136160.17",1,1,2,NA,NA
"ENSG00000137135","ENSG00000137135.18",0,2,2,NA,NA
"ENSG00000143248","ENSG00000143248.13",1,1,2,NA,NA
"ENSG00000143630","ENSG00000143630.10",2,0,2,NA,NA
"ENSG00000144395","ENSG00000144395.18",1,1,2,NA,NA
"ENSG00000145861","ENSG00000145861.9",2,0,2,NA,NA
"ENSG00000149451","ENSG00000149451.18",0,2,2,NA,NA
"ENSG00000150672","ENSG00000150672.17",2,0,2,NA,NA
"ENSG00000156876","ENSG00000156876.10",2,0,2,NA,NA
"ENSG00000158887","ENSG00000158887.19",2,0,2,NA,NA
"ENSG00000162222","ENSG00000162222.14",1,1,2,NA,NA
"ENSG00000163507","ENSG00000163507.14",1,1,2,NA,NA
"ENSG00000163661","ENSG00000163661.4",2,0,2,NA,NA
"ENSG00000166979","ENSG00000166979.13",2,0,2,NA,NA
"ENSG00000168060","ENSG00000168060.16",2,0,2,NA,NA
"ENSG00000169994","ENSG00000169994.18",1,1,2,NA,NA
"ENSG00000170381","ENSG00000170381.14",1,1,2,NA,NA
"ENSG00000171791","ENSG00000171791.14",1,1,2,NA,NA
"ENSG00000176697","ENSG00000176697.20",2,0,2,NA,NA
"ENSG00000179094","ENSG00000179094.16",1,1,2,NA,NA
"ENSG00000180139","ENSG00000180139.11",0,2,2,NA,NA
"ENSG00000181804","ENSG00000181804.15",0,2,2,NA,NA
"ENSG00000185739","ENSG00000185739.13",2,0,2,NA,NA
"ENSG00000185842","ENSG00000185842.15",1,1,2,NA,NA
"ENSG00000188649","ENSG00000188649.15",1,1,2,NA,NA
"ENSG00000197766","ENSG00000197766.8",0,2,2,NA,NA
"ENSG00000224848","ENSG00000224848.2",1,1,2,NA,NA
"ENSG00000225697","ENSG00000225697.13",1,1,2,NA,NA
"ENSG00000243742","ENSG00000243742.5",1,1,2,NA,NA
"ENSG00000254389","ENSG00000254389.3",1,1,2,NA,NA
"ENSG00000257596","ENSG00000257596.1",0,2,2,NA,NA
"ENSG00000005102","ENSG00000005102.14",1,0,1,NA,NA
"ENSG00000036672","ENSG00000036672.16",1,0,1,NA,NA
"ENSG00000087274","ENSG00000087274.17",0,1,1,NA,NA
"ENSG00000100448","ENSG00000100448.4",1,0,1,NA,NA
"ENSG00000102804","ENSG00000102804.15",1,0,1,NA,NA
"ENSG00000103316","ENSG00000103316.12",0,1,1,NA,NA
"ENSG00000105509","ENSG00000105509.11",1,0,1,NA,NA
"ENSG00000108381","ENSG00000108381.11",1,0,1,NA,NA
"ENSG00000108551","ENSG00000108551.5",1,0,1,NA,NA
"ENSG00000108840","ENSG00000108840.15",1,0,1,NA,NA
"ENSG00000111364","ENSG00000111364.16",1,0,1,NA,NA
"ENSG00000115364","ENSG00000115364.14",0,1,1,NA,NA
"ENSG00000116604","ENSG00000116604.18",0,1,1,NA,NA
"ENSG00000116698","ENSG00000116698.21",1,0,1,NA,NA
"ENSG00000118523","ENSG00000118523.6",1,0,1,NA,NA
"ENSG00000118526","ENSG00000118526.7",0,1,1,NA,NA
"ENSG00000119138","ENSG00000119138.4",1,0,1,NA,NA
"ENSG00000119929","ENSG00000119929.13",0,1,1,NA,NA
"ENSG00000121671","ENSG00000121671.12",0,1,1,NA,NA
"ENSG00000127920","ENSG00000127920.6",1,0,1,NA,NA
"ENSG00000131697","ENSG00000131697.18",0,1,1,NA,NA
"ENSG00000133943","ENSG00000133943.21",0,1,1,NA,NA
"ENSG00000138346","ENSG00000138346.15",0,1,1,NA,NA
"ENSG00000141338","ENSG00000141338.14",0,1,1,NA,NA
"ENSG00000146263","ENSG00000146263.11",0,1,1,NA,NA
"ENSG00000154429","ENSG00000154429.11",0,1,1,NA,NA
"ENSG00000162772","ENSG00000162772.17",1,0,1,NA,NA
"ENSG00000162804","ENSG00000162804.14",0,1,1,NA,NA
"ENSG00000163145","ENSG00000163145.13",0,1,1,NA,NA
"ENSG00000165457","ENSG00000165457.14",0,1,1,NA,NA
"ENSG00000166912","ENSG00000166912.17",1,0,1,NA,NA
"ENSG00000168309","ENSG00000168309.18",0,1,1,NA,NA
"ENSG00000169744","ENSG00000169744.13",1,0,1,NA,NA
"ENSG00000171357","ENSG00000171357.6",0,1,1,NA,NA
"ENSG00000174944","ENSG00000174944.9",0,1,1,NA,NA
"ENSG00000176533","ENSG00000176533.13",0,1,1,NA,NA
"ENSG00000177374","ENSG00000177374.13",1,0,1,NA,NA
"ENSG00000178878","ENSG00000178878.13",1,0,1,NA,NA
"ENSG00000183682","ENSG00000183682.8",0,1,1,NA,NA
"ENSG00000185271","ENSG00000185271.9",1,0,1,NA,NA
"ENSG00000185418","ENSG00000185418.16",0,1,1,NA,NA
"ENSG00000196843","ENSG00000196843.17",1,0,1,NA,NA
"ENSG00000197580","ENSG00000197580.13",1,0,1,NA,NA
"ENSG00000198832","ENSG00000198832.10",1,0,1,NA,NA
"ENSG00000211445","ENSG00000211445.12",0,1,1,NA,NA
"ENSG00000213222","ENSG00000213222.3",0,1,1,NA,NA
"ENSG00000230479","ENSG00000230479.1",0,1,1,NA,NA
"ENSG00000232063","ENSG00000232063.2",0,1,1,NA,NA
"ENSG00000234636","ENSG00000234636.2",1,0,1,NA,NA
"ENSG00000268754","ENSG00000268754.4",0,1,1,NA,NA
"ENSG00000271849","ENSG00000271849.1",0,1,1,NA,NA
"ENSG00000271888","ENSG00000271888.1",1,0,1,NA,NA
"ENSG00000273802","ENSG00000273802.2",1,0,1,NA,NA
"ENSG00000280339","ENSG00000280339.1",0,1,1,NA,NA
"ENSG00000004799","ENSG00000004799.8",0,0,0,NA,NA
"ENSG00000005249","ENSG00000005249.13",0,0,0,NA,NA
"ENSG00000074416","ENSG00000074416.14",0,0,0,NA,NA
"ENSG00000077943","ENSG00000077943.8",0,0,0,NA,NA
"ENSG00000082175","ENSG00000082175.15",0,0,0,NA,NA
"ENSG00000089486","ENSG00000089486.17",0,0,0,NA,NA
"ENSG00000100583","ENSG00000100583.4",0,0,0,NA,NA
"ENSG00000100739","ENSG00000100739.11",0,0,0,NA,NA
"ENSG00000106484","ENSG00000106484.16",0,0,0,NA,NA
"ENSG00000108691","ENSG00000108691.9",0,0,0,NA,NA
"ENSG00000109445","ENSG00000109445.11",0,0,0,NA,NA
"ENSG00000109775","ENSG00000109775.11",0,0,0,NA,NA
"ENSG00000111077","ENSG00000111077.18",0,0,0,NA,NA
"ENSG00000113621","ENSG00000113621.15",0,0,0,NA,NA
"ENSG00000119508","ENSG00000119508.18",0,0,0,NA,NA
"ENSG00000120738","ENSG00000120738.8",0,0,0,NA,NA
"ENSG00000120915","ENSG00000120915.14",0,0,0,NA,NA
"ENSG00000122367","ENSG00000122367.20",0,0,0,NA,NA
"ENSG00000123358","ENSG00000123358.20",0,0,0,NA,NA
"ENSG00000125885","ENSG00000125885.13",0,0,0,NA,NA
"ENSG00000126218","ENSG00000126218.12",0,0,0,NA,NA
"ENSG00000127528","ENSG00000127528.6",0,0,0,NA,NA
"ENSG00000128016","ENSG00000128016.7",0,0,0,NA,NA
"ENSG00000130052","ENSG00000130052.13",0,0,0,NA,NA
"ENSG00000136161","ENSG00000136161.13",0,0,0,NA,NA
"ENSG00000136244","ENSG00000136244.12",0,0,0,NA,NA
"ENSG00000137449","ENSG00000137449.17",0,0,0,NA,NA
"ENSG00000140287","ENSG00000140287.11",0,0,0,NA,NA
"ENSG00000142871","ENSG00000142871.18",0,0,0,NA,NA
"ENSG00000144655","ENSG00000144655.15",0,0,0,NA,NA
"ENSG00000146374","ENSG00000146374.14",0,0,0,NA,NA
"ENSG00000148339","ENSG00000148339.12",0,0,0,NA,NA
"ENSG00000151468","ENSG00000151468.11",0,0,0,NA,NA
"ENSG00000151789","ENSG00000151789.12",0,0,0,NA,NA
"ENSG00000153446","ENSG00000153446.16",0,0,0,NA,NA
"ENSG00000153902","ENSG00000153902.14",0,0,0,NA,NA
"ENSG00000154734","ENSG00000154734.16",0,0,0,NA,NA
"ENSG00000159200","ENSG00000159200.18",0,0,0,NA,NA
"ENSG00000159713","ENSG00000159713.11",0,0,0,NA,NA
"ENSG00000160801","ENSG00000160801.14",0,0,0,NA,NA
"ENSG00000162881","ENSG00000162881.6",0,0,0,NA,NA
"ENSG00000162882","ENSG00000162882.15",0,0,0,NA,NA
"ENSG00000164056","ENSG00000164056.11",0,0,0,NA,NA
"ENSG00000166295","ENSG00000166295.9",0,0,0,NA,NA
"ENSG00000168490","ENSG00000168490.14",0,0,0,NA,NA
"ENSG00000170989","ENSG00000170989.10",0,0,0,NA,NA
"ENSG00000175899","ENSG00000175899.15",0,0,0,NA,NA
"ENSG00000180537","ENSG00000180537.13",0,0,0,NA,NA
"ENSG00000180806","ENSG00000180806.5",0,0,0,NA,NA
"ENSG00000185052","ENSG00000185052.12",0,0,0,NA,NA
"ENSG00000187824","ENSG00000187824.9",0,0,0,NA,NA
"ENSG00000197245","ENSG00000197245.6",0,0,0,NA,NA
"ENSG00000197757","ENSG00000197757.8",0,0,0,NA,NA
"ENSG00000241644","ENSG00000241644.2",0,0,0,NA,NA
"ENSG00000241839","ENSG00000241839.10",0,0,0,NA,NA
"ENSG00000251034","ENSG00000251034.2",0,0,0,NA,NA
"ENSG00000259319","ENSG00000259319.1",0,0,0,NA,NA
"ENSG00000259658","ENSG00000259658.5",0,0,0,NA,NA
"ENSG00000261625","ENSG00000261625.1",0,0,0,NA,NA
"ENSG00000262097","ENSG00000262097.2",0,0,0,NA,NA
"ENSG00000269113","ENSG00000269113.4",0,0,0,NA,NA
"ENSG00000284946","ENSG00000284946.1",0,0,0,NA,NA
"ENSG00000285077","ENSG00000285077.2",0,0,0,NA,NA
